spectra (nm),algal lawn reflection
339.97,0.858966999
340.35,0.858966999
340.72,0.858966999
341.1,0.798650064
341.47,0.527775171
341.85,0.121128531
342.23,-0.150465027
342.6,1.741722159
342.98,1.004669657
343.35,1.183896744
343.73,1.066255302
344.11,0.775180152
344.48,1.085452295
344.86,0.808505282
345.23,2.389454032
345.61,1.694576133
345.98,0.552154791
346.36,0.986032755
346.73,0.653290784
347.11,1.358084018
347.49,1.546402848
347.86,-1.395706202
348.24,-2.345662642
348.61,-0.536424587
348.99,-0.013343105
349.36,0.040445268
349.74,0.020887878
350.11,0.022240693
350.49,0.022920798
350.86,0.026652298
351.24,0.012463642
351.61,0.019032954
351.99,0.012422182
352.36,0.010667801
352.74,0.026948964
353.11,0.008831345
353.49,0.0227014
353.86,0.017426199
354.24,0.009120168
354.61,0.010414042
354.99,0.010720145
355.36,0.02322221
355.74,0.020280839
356.11,0.01748358
356.49,0.000664335
356.86,0.016668578
357.24,0.022479792
357.61,0.015052177
357.99,-0.001797326
358.36,0.011875685
358.74,0.02024751
359.11,0.011679577
359.48,0.026945725
359.86,0.018640982
360.23,0.019796251
360.61,0.014800394
360.98,0.019021982
361.36,0.032977174
361.73,0.031115137
362.1,0.022194846
362.48,0.029940575
362.85,0.02044372
363.23,0.026223498
363.6,0.027267006
363.97,0.034456903
364.35,0.029023313
364.72,0.028929362
365.1,0.031238922
365.47,0.027991123
365.84,0.028392332
366.22,0.030894168
366.59,0.030222944
366.96,0.031242914
367.34,0.027373149
367.71,0.032354949
368.09,0.032230677
368.46,0.033134737
368.83,0.030229391
369.21,0.032031645
369.58,0.036347949
369.95,0.031779373
370.33,0.032282421
370.7,0.031860074
371.07,0.028999499
371.45,0.030292398
371.82,0.030078548
372.19,0.026900831
372.57,0.029738823
372.94,0.030612573
373.31,0.027195321
373.69,0.032216098
374.06,0.035305709
374.43,0.030488866
374.8,0.026149639
375.18,0.032328763
375.55,0.03562676
375.92,0.033510245
376.3,0.033291994
376.67,0.03612507
377.04,0.034893
377.41,0.034584543
377.79,0.035771635
378.16,0.035617127
378.53,0.03520129
378.91,0.034239861
379.28,0.033191892
379.65,0.033807761
380.02,0.034271151
380.4,0.032759097
380.77,0.036097914
381.14,0.034751684
381.51,0.034969081
381.88,0.030333357
382.26,0.035473573
382.63,0.032827077
383,0.034045748
383.37,0.032254554
383.75,0.030957669
384.12,0.035654007
384.49,0.036602875
384.86,0.040126153
385.23,0.039069026
385.61,0.036759083
385.98,0.037940464
386.35,0.03729739
386.72,0.038504381
387.09,0.036215153
387.46,0.037981787
387.84,0.037876786
388.21,0.038379663
388.58,0.036702599
388.95,0.038264467
389.32,0.037568238
389.69,0.04023089
390.07,0.037361229
390.44,0.039510428
390.81,0.038584954
391.18,0.039976864
391.55,0.038443674
391.92,0.038339107
392.29,0.037472397
392.67,0.038648397
393.04,0.039117201
393.41,0.038536275
393.78,0.035473072
394.15,0.037215762
394.52,0.038089531
394.89,0.0397495
395.26,0.037956767
395.63,0.03841459
396.01,0.040534062
396.38,0.038299293
396.75,0.03723194
397.12,0.037504268
397.49,0.038461147
397.86,0.039845971
398.23,0.039846536
398.6,0.038599837
398.97,0.039823175
399.34,0.040117115
399.71,0.040970027
400.08,0.040512249
400.45,0.040962135
400.83,0.041078767
401.2,0.040125934
401.57,0.039729795
401.94,0.039006357
402.31,0.039807676
402.68,0.039227119
403.05,0.040856174
403.42,0.03971313
403.79,0.039161267
404.16,0.03964836
404.53,0.038009574
404.9,0.039716841
405.27,0.037963829
405.64,0.038856207
406.01,0.039381167
406.38,0.038636535
406.75,0.039032421
407.12,0.038301929
407.49,0.038819127
407.86,0.038056823
408.23,0.038552393
408.6,0.039328939
408.97,0.037665565
409.34,0.039182557
409.71,0.039480574
410.08,0.038019617
410.45,0.039074672
410.81,0.038383319
411.18,0.038858827
411.55,0.03942513
411.92,0.038005711
412.29,0.039892486
412.66,0.039392888
413.03,0.038490781
413.4,0.039162232
413.77,0.038703071
414.14,0.038512784
414.51,0.038075455
414.88,0.038757179
415.25,0.038347717
415.62,0.038760106
415.98,0.037184194
416.35,0.03780081
416.72,0.039276319
417.09,0.038347862
417.46,0.037750322
417.83,0.039076128
418.2,0.038333475
418.57,0.03807026
418.94,0.038037661
419.3,0.038845827
419.67,0.038185596
420.04,0.039400504
420.41,0.03844516
420.78,0.038787973
421.15,0.038502102
421.52,0.038517358
421.88,0.039083303
422.25,0.038380614
422.62,0.039380338
422.99,0.039317686
423.36,0.038715892
423.73,0.038955057
424.09,0.038562124
424.46,0.038163249
424.83,0.038637368
425.2,0.038780622
425.57,0.039328221
425.93,0.038726361
426.3,0.039176395
426.67,0.039463879
427.04,0.039230575
427.41,0.040126297
427.77,0.039429422
428.14,0.039202773
428.51,0.03880197
428.88,0.039059142
429.24,0.03908515
429.61,0.040328245
429.98,0.038736016
430.35,0.038692274
430.72,0.040407684
431.08,0.039687483
431.45,0.039068061
431.82,0.039494992
432.18,0.038835484
432.55,0.038359012
432.92,0.039215551
433.29,0.038432779
433.65,0.039142202
434.02,0.039639954
434.39,0.039592486
434.76,0.039078066
435.12,0.038842399
435.49,0.039068484
435.86,0.038916075
436.22,0.039056891
436.59,0.039647595
436.96,0.039596745
437.32,0.039451495
437.69,0.039919323
438.06,0.039578705
438.43,0.039919251
438.79,0.039521665
439.16,0.03943513
439.53,0.039903051
439.89,0.039702213
440.26,0.040262846
440.63,0.040162049
440.99,0.04037214
441.36,0.039760268
441.72,0.040248704
442.09,0.040933557
442.46,0.041090584
442.82,0.04043036
443.19,0.040615751
443.56,0.040973549
443.92,0.040892985
444.29,0.041337459
444.66,0.041355179
445.02,0.041450615
445.39,0.041524909
445.75,0.042519849
446.12,0.042086546
446.49,0.042082458
446.85,0.042308868
447.22,0.042842688
447.58,0.042457661
447.95,0.042823314
448.31,0.042906911
448.68,0.043021802
449.05,0.043272879
449.41,0.04347576
449.78,0.044416272
450.14,0.044121092
450.51,0.044039816
450.87,0.044454501
451.24,0.04429144
451.61,0.044258712
451.97,0.045029828
452.34,0.044960048
452.7,0.045533686
453.07,0.045217958
453.43,0.045715901
453.8,0.046304362
454.16,0.045362389
454.53,0.045716556
454.89,0.045779368
455.26,0.046257086
455.62,0.04687979
455.99,0.046720786
456.35,0.045978183
456.72,0.046501386
457.08,0.046682664
457.45,0.046864438
457.81,0.046656772
458.18,0.047580001
458.54,0.04741991
458.91,0.047338666
459.27,0.047536806
459.64,0.046990212
460,0.047457644
460.36,0.047384389
460.73,0.047746074
461.09,0.04779294
461.46,0.047970346
461.82,0.048062363
462.19,0.048140548
462.55,0.048521486
462.92,0.04789299
463.28,0.048026376
463.64,0.04832886
464.01,0.048286235
464.37,0.048624498
464.74,0.048254287
465.1,0.04849275
465.46,0.047970375
465.83,0.0486195
466.19,0.048469554
466.56,0.048954211
466.92,0.04883887
467.28,0.048830287
467.65,0.049058544
468.01,0.048553834
468.38,0.049407127
468.74,0.04942164
469.1,0.049687182
469.47,0.049355367
469.83,0.049287754
470.19,0.049586596
470.56,0.049575793
470.92,0.049482752
471.28,0.049764179
471.65,0.049755136
472.01,0.049921172
472.37,0.049567345
472.74,0.050013211
473.1,0.050255271
473.46,0.050096585
473.83,0.050565286
474.19,0.050398106
474.55,0.050404682
474.92,0.050586653
475.28,0.050347014
475.64,0.050617502
476.01,0.050775371
476.37,0.050587317
476.73,0.050948175
477.09,0.050907526
477.46,0.050655025
477.82,0.050939424
478.18,0.051016266
478.54,0.051118654
478.91,0.050954152
479.27,0.051368366
479.63,0.050928631
480,0.051233603
480.36,0.051701047
480.72,0.051003137
481.08,0.051456417
481.45,0.051445632
481.81,0.051353852
482.17,0.051599649
482.53,0.051448176
482.89,0.051897346
483.26,0.051394756
483.62,0.051633162
483.98,0.051536463
484.34,0.05173869
484.7,0.051697386
485.07,0.051865405
485.43,0.051221501
485.79,0.051874194
486.15,0.051935272
486.51,0.051493744
486.88,0.051344535
487.24,0.051427413
487.6,0.051418078
487.96,0.051751741
488.32,0.052077946
488.68,0.051744071
489.05,0.051619271
489.41,0.051876944
489.77,0.051780392
490.13,0.052152474
490.49,0.052219459
490.85,0.052083864
491.21,0.052234342
491.58,0.052130187
491.94,0.051878947
492.3,0.051943084
492.66,0.052070996
493.02,0.052463146
493.38,0.052596157
493.74,0.052622189
494.1,0.052772291
494.47,0.052953009
494.83,0.053358159
495.19,0.053317198
495.55,0.05359613
495.91,0.053454345
496.27,0.053387457
496.63,0.05366518
496.99,0.053856328
497.35,0.054398526
497.71,0.054170264
498.07,0.054164992
498.43,0.054161647
498.79,0.054395435
499.15,0.054710182
499.52,0.05472536
499.88,0.054843718
500.24,0.054595266
500.6,0.055004883
500.96,0.055179431
501.32,0.055364852
501.68,0.055760108
502.04,0.055674996
502.4,0.056130554
502.76,0.056205689
503.12,0.056431758
503.48,0.056687435
503.84,0.056827816
504.2,0.056761579
504.56,0.057394691
504.92,0.058164062
505.28,0.058087037
505.64,0.058724947
506,0.059616173
506.36,0.059850713
506.72,0.059867579
507.08,0.059986381
507.44,0.060082349
507.8,0.060172321
508.15,0.060741403
508.51,0.060899344
508.87,0.061453737
509.23,0.061973972
509.59,0.062217032
509.95,0.062179294
510.31,0.062678012
510.67,0.063207142
511.03,0.063505251
511.39,0.064049297
511.75,0.063999248
512.11,0.064148135
512.47,0.064301416
512.83,0.064230675
513.18,0.064633504
513.54,0.064814263
513.9,0.06498926
514.26,0.065281849
514.62,0.06533465
514.98,0.065543615
515.34,0.065938433
515.7,0.066197927
516.05,0.066079779
516.41,0.066004039
516.77,0.065908112
517.13,0.065882528
517.49,0.065895134
517.85,0.066197387
518.21,0.066364056
518.56,0.066786719
518.92,0.067174722
519.28,0.067301366
519.64,0.068039992
520,0.068285532
520.36,0.068772944
520.71,0.06841759
521.07,0.069039414
521.43,0.06911732
521.79,0.069276488
522.15,0.069334824
522.5,0.069351378
522.86,0.069369152
523.22,0.070029931
523.58,0.069848316
523.94,0.070455692
524.29,0.07060165
524.65,0.070520432
525.01,0.070951345
525.37,0.070594866
525.72,0.070267894
526.08,0.069877384
526.44,0.069681112
526.8,0.06948525
527.15,0.069759516
527.51,0.070207354
527.87,0.070021776
528.23,0.070483912
528.58,0.071136734
528.94,0.071288292
529.3,0.071439256
529.66,0.07111918
530.01,0.071546887
530.37,0.072042119
530.73,0.07204936
531.08,0.07207095
531.44,0.071736491
531.8,0.071733696
532.15,0.071035239
532.51,0.07105422
532.87,0.07101507
533.23,0.071052418
533.58,0.071138434
533.94,0.071655862
534.3,0.071484289
534.65,0.071562568
535.01,0.071933521
535.37,0.072337849
535.72,0.072284864
536.08,0.072313363
536.43,0.072161512
536.79,0.071775533
537.15,0.071954975
537.5,0.071689647
537.86,0.072128308
538.22,0.072289133
538.57,0.072092618
538.93,0.072249691
539.29,0.07152399
539.64,0.071870609
540,0.071788857
540.35,0.071360855
540.71,0.071446788
541.07,0.071436089
541.42,0.071693546
541.78,0.072057971
542.13,0.071888587
542.49,0.072502832
542.84,0.072383206
543.2,0.072403492
543.56,0.072085026
543.91,0.072630539
544.27,0.072784189
544.62,0.072868735
544.98,0.073015919
545.33,0.073285518
545.69,0.072859026
546.04,0.07290712
546.4,0.073220434
546.75,0.073255685
547.11,0.073421898
547.47,0.073147277
547.82,0.07369355
548.18,0.073274177
548.53,0.073597548
548.89,0.074055648
549.24,0.073864003
549.6,0.074265013
549.95,0.074134868
550.31,0.074006496
550.66,0.074184394
551.02,0.074448341
551.37,0.074784002
551.72,0.074690165
552.08,0.074610057
552.43,0.074420268
552.79,0.074469739
553.14,0.074743328
553.5,0.074831737
553.85,0.074922215
554.21,0.075043733
554.56,0.075259845
554.92,0.075064312
555.27,0.075323626
555.62,0.075274907
555.98,0.075104694
556.33,0.07531937
556.69,0.075040004
557.04,0.075021149
557.4,0.074538545
557.75,0.075183185
558.1,0.074755177
558.46,0.07484565
558.81,0.074393777
559.17,0.074571078
559.52,0.074722259
559.87,0.074517788
560.23,0.074708109
560.58,0.074683264
560.93,0.074741705
561.29,0.074484731
561.64,0.074952059
561.99,0.074724299
562.35,0.074510623
562.7,0.074581147
563.06,0.074710597
563.41,0.074688789
563.76,0.074670463
564.12,0.074778958
564.47,0.074345908
564.82,0.074211694
565.18,0.074269595
565.53,0.074594359
565.88,0.07443158
566.23,0.074566453
566.59,0.074728203
566.94,0.074638859
567.29,0.074646116
567.65,0.074545461
568,0.074669239
568.35,0.074854677
568.71,0.074799207
569.06,0.074641982
569.41,0.075061881
569.76,0.074582495
570.12,0.07537671
570.47,0.075568798
570.82,0.075654753
571.17,0.075975385
571.53,0.076355291
571.88,0.07675004
572.23,0.077088269
572.58,0.077001025
572.94,0.07748249
573.29,0.078173921
573.64,0.078355962
573.99,0.078438922
574.34,0.078632795
574.7,0.0794543
575.05,0.079572359
575.4,0.080088802
575.75,0.080865354
576.11,0.080961548
576.46,0.081695336
576.81,0.082026916
577.16,0.083086313
577.51,0.083385783
577.86,0.084239667
578.22,0.084240726
578.57,0.085088264
578.92,0.085852451
579.27,0.085949406
579.62,0.086854535
579.97,0.086840955
580.33,0.088100921
580.68,0.088362407
581.03,0.088583056
581.38,0.089247743
581.73,0.090012129
582.08,0.090490627
582.43,0.091044767
582.78,0.091397252
583.14,0.091748102
583.49,0.092211904
583.84,0.092806023
584.19,0.093232819
584.54,0.09359092
584.89,0.093914556
585.24,0.094284349
585.59,0.094691482
585.94,0.094798719
586.29,0.095627734
586.65,0.095670926
587,0.095931762
587.35,0.095971435
587.7,0.095776654
588.05,0.096061855
588.4,0.096328328
588.75,0.096078713
589.1,0.096143183
589.45,0.096871414
589.8,0.096661716
590.15,0.096580385
590.5,0.097010051
590.85,0.097395836
591.2,0.097667922
591.55,0.09783603
591.9,0.09790215
592.25,0.097840904
592.6,0.097919675
592.95,0.098797592
593.3,0.098457559
593.65,0.098634661
594,0.098869615
594.35,0.098717997
594.7,0.099001041
595.05,0.098486845
595.4,0.099240994
595.75,0.099440781
596.1,0.099468187
596.45,0.099796323
596.8,0.099834573
597.15,0.099574097
597.5,0.099598105
597.85,0.099625587
598.2,0.100249164
598.55,0.099932834
598.9,0.099967509
599.24,0.100106802
599.59,0.099963256
599.94,0.100568237
600.29,0.100417143
600.64,0.099994642
600.99,0.100878641
601.34,0.100214869
601.69,0.100253535
602.04,0.100713325
602.39,0.100201609
602.73,0.099805335
603.08,0.099960452
603.43,0.099801518
603.78,0.099965144
604.13,0.09959924
604.48,0.099585062
604.83,0.099529731
605.18,0.099281928
605.52,0.099079868
605.87,0.098548339
606.22,0.098657887
606.57,0.098378985
606.92,0.098202121
607.27,0.098031933
607.61,0.097681347
607.96,0.097770986
608.31,0.097370258
608.66,0.096688816
609.01,0.09678072
609.36,0.096337006
609.7,0.096295067
610.05,0.096086182
610.4,0.095785319
610.75,0.095641132
611.1,0.094990915
611.44,0.09521409
611.79,0.094879781
612.14,0.094930122
612.49,0.094345139
612.83,0.094407046
613.18,0.0944355
613.53,0.093600315
613.88,0.093706302
614.22,0.093310977
614.57,0.09311477
614.92,0.093033268
615.27,0.09284573
615.61,0.092955684
615.96,0.092703092
616.31,0.092129581
616.66,0.092017687
617,0.092168967
617.35,0.091905461
617.7,0.091236484
618.04,0.091812102
618.39,0.091087343
618.74,0.091353458
619.08,0.091013569
619.43,0.091388012
619.78,0.090862001
620.12,0.090554342
620.47,0.090774443
620.82,0.090682284
621.16,0.090704041
621.51,0.090184501
621.86,0.090473559
622.2,0.090325493
622.55,0.090336163
622.9,0.090502619
623.24,0.09049029
623.59,0.090297377
623.94,0.090821547
624.28,0.090226907
624.63,0.09039485
624.98,0.089807985
625.32,0.090633808
625.67,0.090348228
626.01,0.090157297
626.36,0.089833186
626.71,0.090160684
627.05,0.089881272
627.4,0.089528406
627.74,0.090032623
628.09,0.089694495
628.43,0.089991826
628.78,0.090318188
629.13,0.090280505
629.47,0.090403466
629.82,0.090561484
630.16,0.09104489
630.51,0.090064926
630.85,0.090173181
631.2,0.090655358
631.54,0.090695207
631.89,0.090763579
632.24,0.090579607
632.58,0.09101989
632.93,0.090995818
633.27,0.091188655
633.62,0.091543814
633.96,0.091491535
634.31,0.091582153
634.65,0.09146666
635,0.091996481
635.34,0.091846387
635.69,0.091577904
636.03,0.092096468
636.38,0.092647781
636.72,0.092489867
637.07,0.092982429
637.41,0.09326895
637.75,0.092743501
638.1,0.093179485
638.44,0.093599112
638.79,0.092887735
639.13,0.094320788
639.48,0.093824281
639.82,0.094253745
640.17,0.094231965
640.51,0.094380655
640.85,0.093772862
641.2,0.094960265
641.54,0.095716213
641.89,0.095093194
642.23,0.095413304
642.57,0.095741026
642.92,0.095411649
643.26,0.095456801
643.61,0.095653985
643.95,0.096228337
644.29,0.095535075
644.64,0.096304393
644.98,0.095783462
645.33,0.095590169
645.67,0.095621569
646.01,0.096066006
646.36,0.095606347
646.7,0.09600942
647.04,0.095516181
647.39,0.095741358
647.73,0.095611471
648.07,0.095446761
648.42,0.095153377
648.76,0.095574835
649.1,0.094872634
649.45,0.094999588
649.79,0.09512882
650.13,0.094670226
650.48,0.094351429
650.82,0.093606029
651.16,0.094170504
651.5,0.093815607
651.85,0.092966379
652.19,0.092639933
652.53,0.092772589
652.88,0.092141626
653.22,0.091627856
653.56,0.091526269
653.9,0.091103702
654.25,0.09060733
654.59,0.090215123
654.93,0.089911219
655.27,0.089657534
655.62,0.089791656
655.96,0.08909986
656.3,0.089086453
656.64,0.08776893
656.99,0.086719539
657.33,0.085669932
657.67,0.085580179
658.01,0.084338862
658.35,0.083937529
658.7,0.083462302
659.04,0.082285386
659.38,0.081471353
659.72,0.081295877
660.06,0.079907356
660.41,0.079723904
660.75,0.078459678
661.09,0.077506511
661.43,0.076942276
661.77,0.076507008
662.11,0.075631817
662.46,0.075203293
662.8,0.07442453
663.14,0.07395881
663.48,0.073288153
663.82,0.07237937
664.16,0.07171421
664.5,0.070948637
664.85,0.069917485
665.19,0.06948827
665.53,0.069365817
665.87,0.068542407
666.21,0.067629295
666.55,0.067442485
666.89,0.066433008
667.23,0.066413624
667.57,0.065832446
667.92,0.065251074
668.26,0.064849244
668.6,0.064685551
668.94,0.064053736
669.28,0.064054091
669.62,0.063910926
669.96,0.063477487
670.3,0.063237199
670.64,0.063316156
670.98,0.063083411
671.32,0.063097411
671.66,0.062455118
672,0.061829467
672.34,0.06213925
672.68,0.062062618
673.02,0.062047971
673.36,0.061872117
673.7,0.061632772
674.04,0.061623733
674.38,0.061769806
674.72,0.06197663
675.06,0.061994601
675.4,0.061656192
675.74,0.061826283
676.08,0.061728887
676.42,0.061230472
676.76,0.061390593
677.1,0.061506405
677.44,0.06168514
677.78,0.062241071
678.12,0.062066032
678.46,0.062066627
678.8,0.062661721
679.14,0.06200953
679.48,0.063241562
679.82,0.062575589
680.16,0.062507111
680.5,0.06351122
680.84,0.062835732
681.18,0.063442118
681.51,0.064232035
681.85,0.064428673
682.19,0.064416124
682.53,0.065346343
682.87,0.06552366
683.21,0.065503632
683.55,0.066971564
683.89,0.066801966
684.23,0.067639887
684.56,0.067374822
684.9,0.069133596
685.24,0.068703384
685.58,0.069631065
685.92,0.071310478
686.26,0.071773683
686.6,0.073980754
686.93,0.075053725
687.27,0.074841412
687.61,0.075478613
687.95,0.077123413
688.29,0.078128177
688.63,0.078432573
688.96,0.080421591
689.3,0.081088887
689.64,0.082254494
689.98,0.08335491
690.32,0.084220647
690.65,0.085622448
690.99,0.086683657
691.33,0.087401553
691.67,0.088568864
692.01,0.091505177
692.34,0.092686927
692.68,0.094518165
693.02,0.096027166
693.36,0.097321484
693.69,0.099370669
694.03,0.101911122
694.37,0.104377002
694.71,0.105424639
695.04,0.107993161
695.38,0.109208494
695.72,0.112424355
696.06,0.113985249
696.39,0.115147566
696.73,0.118264908
697.07,0.119624496
697.4,0.122537841
697.74,0.125200117
698.08,0.126909112
698.42,0.128751641
698.75,0.130790895
699.09,0.133321218
699.43,0.135814546
699.76,0.137546926
700.1,0.140190862
700.44,0.142885768
700.77,0.14591308
701.11,0.147806917
701.45,0.149530763
701.78,0.152434688
702.12,0.155073133
702.45,0.157802145
702.79,0.159822283
703.13,0.161969259
703.46,0.16445983
703.8,0.166066071
704.14,0.169290452
704.47,0.170816241
704.81,0.173535303
705.14,0.174979106
705.48,0.177740991
705.82,0.17988516
706.15,0.181428447
706.49,0.183931424
706.82,0.18524822
707.16,0.187577804
707.5,0.189767598
707.83,0.191205265
708.17,0.193032738
708.5,0.195647112
708.84,0.197871618
709.17,0.200130553
709.51,0.201867084
709.84,0.205030474
710.18,0.205031375
710.52,0.208270324
710.85,0.209167784
711.19,0.209450491
711.52,0.212417775
711.86,0.215607554
712.19,0.215703731
712.53,0.216502969
712.86,0.218428282
713.2,0.220523779
713.53,0.223156659
713.87,0.224251124
714.2,0.22657594
714.54,0.227339142
714.87,0.227990103
715.21,0.229964915
715.54,0.231744774
715.88,0.232866609
716.21,0.234962606
716.54,0.236607088
716.88,0.237426448
717.21,0.240051102
717.55,0.240343395
717.88,0.243780619
718.22,0.244027509
718.55,0.243795133
718.88,0.247101584
719.22,0.248799549
719.55,0.249026895
719.89,0.24777722
720.22,0.251265972
720.56,0.251274897
720.89,0.253537064
721.22,0.253284438
721.56,0.255129252
721.89,0.257725382
722.22,0.257837787
722.56,0.258253367
722.89,0.259023968
723.23,0.260979515
723.56,0.261827529
723.89,0.263060019
724.23,0.263500956
724.56,0.265494102
724.89,0.265771005
725.23,0.266155984
725.56,0.26747962
725.89,0.268863321
726.23,0.269514858
726.56,0.270977933
726.89,0.27280752
727.23,0.272824166
727.56,0.273220403
727.89,0.273141555
728.23,0.275903725
728.56,0.275511513
728.89,0.278299019
729.22,0.27786017
729.56,0.278601986
729.89,0.278296718
730.22,0.278014411
730.55,0.280159737
730.89,0.28022253
731.22,0.281764851
731.55,0.281786394
731.89,0.284030057
732.22,0.283643452
732.55,0.28498077
732.88,0.285265422
733.21,0.286291677
733.55,0.286544544
733.88,0.288916984
734.21,0.28897922
734.54,0.289857504
734.88,0.289987382
735.21,0.291493963
735.54,0.292118345
735.87,0.292679909
736.2,0.292654905
736.54,0.292736464
736.87,0.293712235
737.2,0.292942407
737.53,0.295550002
737.86,0.295913298
738.19,0.298581953
738.53,0.296595612
738.86,0.297567599
739.19,0.301096594
739.52,0.296633614
739.85,0.298724781
740.18,0.299811633
740.51,0.301409782
740.85,0.302547869
741.18,0.301555967
741.51,0.30424844
741.84,0.304149042
742.17,0.30398679
742.5,0.302855225
742.83,0.304836099
743.16,0.305442275
743.49,0.305999404
743.82,0.305442581
744.16,0.305724137
744.49,0.306622994
744.82,0.308813216
745.15,0.307925311
745.48,0.307872896
745.81,0.309263469
746.14,0.310177259
746.47,0.309928207
746.8,0.310680685
747.13,0.309510156
747.46,0.311121977
747.79,0.310872978
748.12,0.311417342
748.45,0.311151799
748.78,0.312161044
749.11,0.312205154
749.44,0.314936009
749.77,0.314348519
750.1,0.312055652
750.43,0.315293908
750.76,0.316252784
751.09,0.314611292
751.42,0.315635087
751.75,0.313761531
752.08,0.317289574
752.41,0.316208596
752.74,0.314900547
753.07,0.316679543
753.4,0.318808477
753.73,0.31682668
754.06,0.318661644
754.39,0.318081927
754.72,0.31734408
755.05,0.319661373
755.38,0.318877464
755.71,0.319758934
756.03,0.318933137
756.36,0.319734126
756.69,0.321998616
757.02,0.319560256
757.35,0.321831403
757.68,0.32183009
758.01,0.322220782
758.34,0.324634417
758.67,0.326161604
758.99,0.324373265
759.32,0.32625336
759.65,0.325395398
759.98,0.326909719
760.31,0.324271808
760.64,0.323249688
760.97,0.319879966
761.29,0.31775238
761.62,0.318723821
761.95,0.318379632
762.28,0.321837853
762.61,0.320680081
762.94,0.317757323
763.26,0.319112383
763.59,0.319049791
763.92,0.319322509
764.25,0.324282973
764.58,0.32151217
764.9,0.320987949
765.23,0.320077298
765.56,0.322250797
765.89,0.322641636
766.22,0.324651249
766.54,0.324325051
766.87,0.326786836
767.2,0.326506149
767.53,0.325549811
767.85,0.328853232
768.18,0.327011973
768.51,0.330974088
768.84,0.328133992
769.16,0.329232893
769.49,0.329900497
769.82,0.331795631
770.15,0.329299915
770.47,0.329313022
770.8,0.329447305
771.13,0.332281766
771.45,0.330278153
771.78,0.333066849
772.11,0.332383571
772.43,0.334295569
772.76,0.332921598
773.09,0.33063681
773.41,0.33321862
773.74,0.33519438
774.07,0.331727576
774.39,0.333703267
774.72,0.333369599
775.05,0.335165913
775.37,0.33623473
775.7,0.336305838
776.03,0.334286907
776.35,0.336081365
776.68,0.335936361
777.01,0.336394234
777.33,0.336155811
777.66,0.333642552
777.98,0.335866505
778.31,0.336563795
778.64,0.336554356
778.96,0.338274525
779.29,0.337690644
779.61,0.335196921
779.94,0.336687556
780.27,0.336687295
780.59,0.337216077
780.92,0.335335848
781.24,0.336364487
781.57,0.337095231
781.89,0.336908496
782.22,0.33938097
782.54,0.33734279
782.87,0.336764785
783.19,0.335950481
783.52,0.338406304
783.85,0.338263585
784.17,0.338149271
784.5,0.338515089
784.82,0.339523961
785.15,0.340335678
785.47,0.339667156
785.8,0.341444472
786.12,0.34032061
786.45,0.339932477
786.77,0.339002399
787.1,0.338083685
787.42,0.337332995
787.74,0.340141041
788.07,0.339840763
788.39,0.339086689
788.72,0.341478
789.04,0.337577922
789.37,0.33908786
789.69,0.339985241
790.02,0.336320948
790.34,0.339508557
790.66,0.338288884
790.99,0.338382958
791.31,0.338899146
791.64,0.338845634
791.96,0.340590403
792.29,0.337769975
792.61,0.340821514
792.93,0.34230141
793.26,0.342327651
793.58,0.340277606
793.9,0.343004043
794.23,0.340776068
794.55,0.339420403
794.88,0.341281266
795.2,0.338657464
795.52,0.34008632
795.85,0.340747903
796.17,0.340564448
796.49,0.337300089
796.82,0.338020125
797.14,0.33648488
797.46,0.339373974
797.79,0.343000203
798.11,0.342589408
798.43,0.342332591
798.76,0.341086532
799.08,0.341481843
799.4,0.342149399
799.73,0.340301049
800.05,0.338326866
800.37,0.340931412
800.69,0.339244794
801.02,0.339718805
801.34,0.339766163
801.66,0.336870397
801.98,0.339504214
802.31,0.338747039
802.63,0.339343876
802.95,0.33866868
803.27,0.339647225
803.6,0.338390639
803.92,0.340028931
804.24,0.341447763
804.56,0.339174082
804.89,0.341157551
805.21,0.340650966
805.53,0.340149745
805.85,0.339494571
806.17,0.344863534
806.5,0.338954907
806.82,0.342086819
807.14,0.342366184
807.46,0.339408855
807.78,0.342389209
808.11,0.340309098
808.43,0.340829224
808.75,0.342226238
809.07,0.339336016
809.39,0.343144934
809.71,0.344275901
810.03,0.34152835
810.36,0.343661189
810.68,0.340075201
811,0.339481587
811.32,0.342751521
811.64,0.34074952
811.96,0.341510594
812.28,0.343339726
812.6,0.342927877
812.93,0.343514728
813.25,0.342134287
813.57,0.343184697
813.89,0.344479215
814.21,0.342489724
814.53,0.343352104
814.85,0.341180284
815.17,0.340482692
815.49,0.340988428
815.81,0.340577501
816.13,0.338032842
816.45,0.336774312
816.77,0.346828571
817.09,0.341174522
817.41,0.346683118
817.73,0.339162965
818.06,0.346235727
818.38,0.34263711
818.7,0.350108904
819.02,0.348733365
819.34,0.349245365
819.66,0.348568808
819.98,0.348328073
820.3,0.348861346
820.62,0.352424221
820.94,0.352000926
821.26,0.352396585
821.57,0.350256779
821.89,0.353824596
822.21,0.355184656
822.53,0.352520036
822.85,0.350526583
823.17,0.354224652
823.49,0.349065029
823.81,0.352627061
824.13,0.354240373
824.45,0.355367352
824.77,0.357784228
825.09,0.361345435
825.41,0.357829558
825.73,0.357588027
826.05,0.354250629
826.36,0.359543935
826.68,0.356099766
827,0.358744154
827.32,0.358978276
827.64,0.355914652
827.96,0.359879308
828.28,0.361333823
828.6,0.361729226
828.92,0.357690635
829.23,0.363152627
829.55,0.357548268
829.87,0.361577807
830.19,0.362492049
830.51,0.363240729
830.83,0.360030814
831.14,0.363376034
831.46,0.364175823
831.78,0.361049179
832.1,0.361446767
832.42,0.363187307
832.74,0.364583881
833.05,0.369327839
833.37,0.361184406
833.69,0.366178907
834.01,0.370401114
834.32,0.368263636
834.64,0.372033015
834.96,0.363402571
835.28,0.365575618
835.6,0.367126538
835.91,0.366150939
836.23,0.371158668
836.55,0.36870702
836.87,0.37329163
837.18,0.372999067
837.5,0.371441721
837.82,0.369896852
838.13,0.371541807
838.45,0.371347019
838.77,0.371092419
839.09,0.37388643
839.4,0.368425983
839.72,0.368352704
840.04,0.374329914
840.35,0.372986787
840.67,0.372164319
840.99,0.369154714
841.3,0.37444697
841.62,0.369328109
841.94,0.373402341
842.25,0.369936277
842.57,0.374616457
842.89,0.375575165
843.2,0.374966094
843.52,0.376214204
843.84,0.374966912
844.15,0.374928817
844.47,0.375897203
844.79,0.375438841
845.1,0.372685313
845.42,0.375079281
845.73,0.373994209
846.05,0.377519488
846.37,0.374285041
846.68,0.375157549
847,0.377504705
847.31,0.372685198
847.63,0.376740623
847.94,0.376255175
848.26,0.376139326
848.58,0.37279032
848.89,0.380201687
849.21,0.374374558
849.52,0.371498112
849.84,0.377497751
850.15,0.379563066
850.47,0.375585054
850.78,0.378669958
851.1,0.379917206
851.41,0.374381351
851.73,0.380832981
852.04,0.371146021
852.36,0.379877655
852.67,0.377672703
852.99,0.376436751
853.3,0.37666449
853.62,0.37516832
853.93,0.379068798
854.25,0.375892556
854.56,0.380180778
854.88,0.37998737
855.19,0.378501006
855.51,0.374531246
855.82,0.379979951
856.14,0.375338194
856.45,0.375021568
856.77,0.377153024
857.08,0.376083606
857.39,0.379183362
857.71,0.380335083
858.02,0.386635226
858.34,0.381772599
858.65,0.378975656
858.96,0.374050068
859.28,0.376759727
859.59,0.381919352
859.91,0.378482166
860.22,0.380944927
860.53,0.381894306
860.85,0.377681685
861.16,0.379611198
861.47,0.376544166
861.79,0.380205347
862.1,0.37878986
862.42,0.381787004
862.73,0.382866595
863.04,0.387427294
863.36,0.383116646
863.67,0.381331698
863.98,0.377952615
864.3,0.383694108
864.61,0.378450654
864.92,0.38090042
865.23,0.380672693
865.55,0.382415793
865.86,0.381797643
866.17,0.379291608
866.49,0.380387277
866.8,0.381373608
867.11,0.383115155
867.42,0.381679711
867.74,0.383394802
868.05,0.381415322
868.36,0.381310235
868.67,0.382673167
868.99,0.381502497
869.3,0.382798666
869.61,0.382844446
869.92,0.38274491
870.24,0.38483941
870.55,0.388497162
870.86,0.390381524
871.17,0.37959419
871.49,0.381677774
871.8,0.386456734
872.11,0.383704326
872.42,0.38147413
872.73,0.382497628
873.04,0.387370386
873.36,0.383662534
873.67,0.383180268
873.98,0.385059433
874.29,0.387473542
874.6,0.38716678
874.91,0.38427534
875.23,0.381538113
875.54,0.383568772
875.85,0.38844849
876.16,0.384226074
876.47,0.387350424
876.78,0.38713087
877.09,0.383611775
877.4,0.387743283
877.72,0.392084223
878.03,0.387669446
878.34,0.386956773
878.65,0.385031493
878.96,0.380497503
879.27,0.389293034
879.58,0.383408587
879.89,0.388675228
880.2,0.390787623
880.51,0.38813806
880.82,0.388465267
881.13,0.387014272
881.45,0.393770815
881.76,0.38700538
882.07,0.391617811
882.38,0.391603053
882.69,0.394741593
883,0.385669255
883.31,0.393375667
883.62,0.396464898
883.93,0.391480932
884.24,0.388977135
884.55,0.395004932
884.86,0.390541151
885.17,0.392207667
885.48,0.387452578
885.79,0.390190021
886.1,0.39507259
886.41,0.396839363
886.72,0.394994844
887.03,0.387359005
887.33,0.394127806
887.64,0.385153252
887.95,0.391828786
888.26,0.393577662
888.57,0.395286033
888.88,0.39939029
889.19,0.389253601
889.5,0.396482629
889.81,0.394333573
890.12,0.392149608
890.43,0.394772516
890.74,0.394133079
891.05,0.395217078
891.35,0.405690346
891.66,0.392577182
891.97,0.387705218
892.28,0.394133132
892.59,0.389961051
892.9,0.393453581
893.21,0.393118006
893.51,0.386684992
893.82,0.388719146
894.13,0.395051076
894.44,0.398410877
894.75,0.396573499
895.06,0.387978052
895.36,0.382279912
895.67,0.381857426
895.98,0.381419394
896.29,0.385689407
896.6,0.386535547
896.91,0.378767393
897.21,0.384838503
897.52,0.394563009
897.83,0.381378435
898.14,0.379721915
898.44,0.392106916
898.75,0.379826685
899.06,0.374611718
899.37,0.382345106
899.68,0.373307398
899.98,0.37063862
900.29,0.377970033
900.6,0.379771397
900.9,0.370193221
901.21,0.377047555
901.52,0.380997344
901.83,0.365305969
902.13,0.382555441
902.44,0.371011909
902.75,0.380037549
903.05,0.387764052
903.36,0.379576083
903.67,0.384356163
903.98,0.383836249
904.28,0.399861477
904.59,0.384479764
904.9,0.391056428
905.2,0.391785771
905.51,0.391801724
905.82,0.394970344
906.12,0.390234379
906.43,0.382912502
906.73,0.389498844
907.04,0.387234373
907.35,0.384068712
907.65,0.37262451
907.96,0.370951568
908.27,0.382311903
908.57,0.381865391
908.88,0.370070226
909.18,0.40068002
909.49,0.387331722
909.8,0.382138564
910.1,0.36465819
910.41,0.373095024
910.71,0.385375349
911.02,0.374444934
911.32,0.39349982
911.63,0.37692098
911.94,0.388990471
912.24,0.380059479
912.55,0.374135237
912.85,0.364965123
913.16,0.357580472
913.46,0.376005598
913.77,0.371920404
914.07,0.35849743
914.38,0.359085815
914.68,0.361004892
914.99,0.361804596
915.29,0.371682414
915.6,0.362354772
915.9,0.379145134
916.21,0.374749949
916.51,0.372639704
916.82,0.364289733
917.12,0.369155257
917.43,0.363384057
917.73,0.340451181
918.03,0.363575403
918.34,0.368977489
918.64,0.381442496
918.95,0.40066296
919.25,0.381205095
919.56,0.383737266
919.86,0.373883919
920.16,0.375756794
920.47,0.370909385
920.77,0.384039083
921.08,0.39028742
921.38,0.384385407
921.68,0.392787975
921.99,0.371925348
922.29,0.375562566
922.6,0.376760023
922.9,0.378713954
923.2,0.380824743
923.51,0.362131341
923.81,0.395379879
924.11,0.370841328
924.42,0.363773778
924.72,0.349640521
925.02,0.372661433
925.33,0.369305049
925.63,0.379219866
925.93,0.341878371
926.24,0.374791959
926.54,0.362892023
926.84,0.374177245
927.15,0.363798739
927.45,0.370368633
927.75,0.37503078
928.05,0.340777328
928.36,0.344240954
928.66,0.330878207
928.96,0.318314473
929.27,0.314018229
929.57,0.325108926
929.87,0.336478334
930.17,0.342068485
930.48,0.293120792
930.78,0.265335111
931.08,0.267941751
931.38,0.222598093
931.68,0.213775393
931.99,0.177704931
932.29,0.130766211
932.59,0.139600358
932.89,0.031949045
933.19,-0.018713534
933.5,-0.359604671
933.8,-0.105253864
934.1,-0.512450906
934.4,-0.054220036
934.7,0.067980484
935.01,-0.068956316
935.31,-0.001929711
935.61,-0.28655233
935.91,0.047507396
936.21,-0.140360408
936.51,-0.073809185
936.81,0.038397251
937.12,-0.145952778
937.42,-0.442428064
937.72,-0.224039767
938.02,-0.173516864
938.32,0.067599015
938.62,0.250720516
938.92,0.206701083
939.22,0.235579572
939.52,0.195823769
939.82,0.272932142
940.13,0.184699146
940.43,0.181348427
940.73,0.165062167
941.03,0.197935396
941.33,0.224696154
941.63,0.187542794
941.93,0.196968454
942.23,0.207374261
942.53,0.177917833
942.83,0.173372435
943.13,0.149927772
943.43,0.071836397
943.73,0.085973649
944.03,0.024114875
944.33,0.066641522
944.63,0.339944388
944.93,0.074768291
945.23,0.242169818
945.53,0.195789624
945.83,0.03787613
946.13,0.084264947
946.43,0.112250937
946.73,-0.045797461
947.03,0.005409593
947.33,0.242849348
947.63,0.074935478
947.93,-0.014125908
948.23,0.23603327
948.53,0.214716498
948.83,0.131431832
949.12,0.248805252
949.42,0.106807105
949.72,0.17601195
950.02,0.033481914
950.32,0.164866109
950.62,0.172027247
950.92,0.19235641
951.22,0.123705282
951.52,0.113326356
951.82,0.203428123
952.11,0.081681614
952.41,0.075379415
952.71,0.063947026
953.01,0.051271087
953.31,0.150205904
953.61,0.166209228
953.91,0.099418046
954.2,0.039465128
954.5,0.090300453
954.8,0.10794151
955.1,0.270338175
955.4,0.104153721
955.69,0.092956841
955.99,0.085934974
956.29,0.191797852
956.59,0.260462342
956.89,0.188690522
957.18,0.201562736
957.48,0.195144289
957.78,0.29854391
958.08,0.17159148
958.37,0.173790143
958.67,0.051509802
958.97,0.041435008
959.27,0.080940381
959.56,0.144964938
959.86,0.185498472
960.16,0.130419285
960.46,0.086671117
960.75,0.197255105
961.05,0.187447589
961.35,0.153748088
961.65,0.176965152
961.94,0.102610022
962.24,0.107232405
962.54,0.183328052
962.83,0.187658536
963.13,0.152315621
963.43,0.151297293
963.72,0.305553997
964.02,0.228957798
964.32,0.205501674
964.61,0.18267781
964.91,0.19024152
965.21,0.149228632
965.5,0.140212009
965.8,0.212371427
966.09,0.161044131
966.39,0.22350469
966.69,0.186566619
966.98,0.148183607
967.28,0.218120426
967.57,0.258194258
967.87,0.238694339
968.17,0.22060464
968.46,0.275052024
968.76,0.288433059
969.05,0.215893145
969.35,0.33220987
969.65,0.220902846
969.94,0.212503032
970.24,0.261256975
970.53,0.241980738
970.83,0.227095506
971.12,0.278374066
971.42,0.264093262
971.71,0.236893155
972.01,0.227142769
972.3,0.236700042
972.6,0.213772211
972.89,0.218314081
973.19,0.25933489
973.48,0.229510275
973.78,0.258046372
974.07,0.213014972
974.37,0.265411991
974.66,0.170392211
974.96,0.161302262
975.25,0.172101603
975.55,0.156460312
975.84,0.170174522
976.14,0.211468064
976.43,0.178373859
976.72,0.253995017
977.02,0.217523249
977.31,0.21090725
977.61,0.244189927
977.9,0.258647176
978.2,0.228806282
978.49,0.221728677
978.78,0.2717198
979.08,0.226918409
979.37,0.258539981
979.67,0.211955494
979.96,0.196579295
980.25,0.208357721
980.55,0.214779608
980.84,0.262758095
981.13,0.253410229
981.43,0.23474965
981.72,0.221289033
982.01,0.208881811
982.31,0.271749382
982.6,0.25751389
982.89,0.204528783
983.19,0.253178362
983.48,0.1902397
983.77,0.178673928
984.07,0.270286038
984.36,0.287164752
984.65,0.267645616
984.95,0.233310842
985.24,0.285893412
985.53,0.281810653
985.82,0.189454935
986.12,0.27439071
986.41,0.253146069
986.7,0.2366759
986.99,0.244240796
987.29,0.241680752
987.58,0.229097656
987.87,0.281131915
988.16,0.302135883
988.46,0.224653471
988.75,0.279074523
989.04,0.233933936
989.33,0.288562428
989.62,0.298429282
989.92,0.197893158
990.21,0.256570589
990.5,0.305006843
990.79,0.258240248
991.08,0.29488172
991.38,0.243184819
991.67,0.258624235
991.96,0.213268933
992.25,0.268347461
992.54,0.228538197
992.83,0.297739006
993.12,0.237089848
993.42,0.250723141
993.71,0.241587536
994,0.299637186
994.29,0.244219305
994.58,0.267330229
994.87,0.187413368
995.16,0.21548104
995.45,0.209091492
995.74,0.21586849
996.04,0.226891719
996.33,0.27367455
996.62,0.284494644
996.91,0.264753022
997.2,0.235630603
997.49,0.234793139
997.78,0.276482261
998.07,0.251602287
998.36,0.195070713
998.65,0.185764862
998.94,0.293014752
999.23,0.261052897
999.52,0.265451872
999.81,0.331827694
1000.1,0.18319751
1000.39,0.208589255
1000.68,0.167323302
1000.97,0.3055859
1001.26,0.187005561
1001.55,0.169414913
1001.84,0.184294244
1002.13,0.135709295
1002.42,0.23660902
1002.71,0.24213959
1003,0.253438312
1003.29,0.136700441
1003.58,0.20487396
1003.87,0.255642721
1004.16,0.161334112
1004.45,0.253078997
1004.74,0.15981557
1005.03,0.204216846
1005.31,0.26278749
1005.6,0.170730651
1005.89,0.283358884
1006.18,0.195520292
1006.47,0.24994629
1006.76,0.222073153
1007.05,0.201888851
1007.34,0.179492836
1007.63,0.183883242
1007.91,0.151674342
1008.2,0.203585388
1008.49,0.19190772
1008.78,0.301790514
1009.07,0.236302593
1009.36,0.246208471
1009.65,0.176131074
1009.93,0.231882235
1010.22,0.257774812
1010.51,0.095707196
1010.8,0.224201956
1011.09,0.207692988
1011.37,0.213997709
1011.66,0.25250135
1011.95,0.124799371
1012.24,0.276538581
1012.53,-0.067730671
1012.81,0.104032721
1013.1,0.103410365
1013.39,0.121915182
1013.68,0.038698055
1013.96,0.113309409
1014.25,0.110123325
1014.54,0.0626901
1014.83,0.103906779
1015.11,0.109436123
1015.4,0.156440839
1015.69,0.102844688
1015.98,0.065907835
1016.26,-0.059563207
1016.55,0.225060532
1016.84,-0.013052614
1017.12,0.032080763
1017.41,0.063395906
1017.7,0.062826352
1017.98,0.223603619
1018.27,0.169530956
1018.56,0.057595531
1018.84,0.144596303
1019.13,0.040327668
1019.42,-0.042804507
1019.7,0.312529137
1019.99,0.01611478
1020.28,0.145903884
1020.56,0.170575636
1020.85,0.132912342
1021.13,-0.07133925
1021.42,-0.156706611
1021.71,-0.088485182
1021.99,-0.380876215
1022.28,-0.118616424
1022.56,0.086158711
1022.85,0.206667132
1023.14,0.099553771
1023.42,-0.072859958
1023.71,0.072772086
1023.99,-0.26416527
1024.28,0.014600283
