spectra (nm),
339.97,0.87417365
340.35,0.87417365
340.72,0.87417365
341.1,1.31227939
341.47,1.020582963
341.85,1.137081141
342.23,0.702691844
342.6,1.254570177
342.98,0.696590467
343.35,0.889709113
343.73,0.975937555
344.11,0.547034635
344.48,0.882262483
344.86,0.990316333
345.23,0.546437104
345.61,1.899980541
345.98,0.987132998
346.36,0.490356367
346.73,0.840526954
347.11,0.313742512
347.49,0.860019308
347.86,-0.559275107
348.24,-2.344602471
348.61,1.006022645
348.99,-0.057004376
349.36,-0.006364343
349.74,-0.006344917
350.11,-0.009562346
350.49,-0.011221667
350.86,-0.012990515
351.24,-0.01860193
351.61,-0.011640579
351.99,-0.014576887
352.36,-0.026829392
352.74,-0.013788189
353.11,-0.016973646
353.49,-0.017159737
353.86,-0.016976868
354.24,-0.013136517
354.61,-0.004706219
354.99,-0.020006651
355.36,-0.012913175
355.74,-0.010170281
356.11,-0.006978919
356.49,-0.014147916
356.86,-0.015910747
357.24,-0.010755974
357.61,-0.012073146
357.99,-0.022568316
358.36,-0.010826796
358.74,-0.018492497
359.11,-0.011235138
359.48,0.011019092
359.86,0.003318096
360.23,0.004267145
360.61,-0.003942286
360.98,-0.005664026
361.36,0.004536752
361.73,-0.000231729
362.1,-0.000108791
362.48,-0.000789697
362.85,0.001862448
363.23,0.004374141
363.6,0.002502878
363.97,0.0050818
364.35,0.006589628
364.72,0.012693012
365.1,0.004055908
365.47,0.008690814
365.84,0.006780573
366.22,0.007868591
366.59,0.006463176
366.96,0.006810804
367.34,0.010626368
367.71,0.007713703
368.09,0.011635069
368.46,0.011490015
368.83,0.008805086
369.21,0.003049271
369.58,0.013158697
369.95,0.010263069
370.33,0.012856745
370.7,0.012369701
371.07,0.015267568
371.45,0.009281447
371.82,0.006975021
372.19,0.010113979
372.57,0.010806828
372.94,0.009488995
373.31,0.006715985
373.69,0.010579423
374.06,0.007567239
374.43,0.011367126
374.8,0.009533181
375.18,0.012014793
375.55,0.017104618
375.92,0.012907097
376.3,0.011540812
376.67,0.013802473
377.04,0.014570209
377.41,0.01449314
377.79,0.01403127
378.16,0.016570736
378.53,0.016157107
378.91,0.015226686
379.28,0.017176615
379.65,0.015505884
380.02,0.017853235
380.4,0.015185212
380.77,0.01577784
381.14,0.015360613
381.51,0.012555037
381.88,0.015831797
382.26,0.01584053
382.63,0.011876079
383,0.011612082
383.37,0.012441347
383.75,0.012305201
384.12,0.013079211
384.49,0.013424485
384.86,0.015283112
385.23,0.017372309
385.61,0.017866331
385.98,0.016904474
386.35,0.016733212
386.72,0.017640804
387.09,0.01636545
387.46,0.017644165
387.84,0.016083525
388.21,0.015109445
388.58,0.017397988
388.95,0.017718469
389.32,0.018607243
389.69,0.018896366
390.07,0.018113595
390.44,0.019484273
390.81,0.018845158
391.18,0.019277842
391.55,0.017883532
391.92,0.020191526
392.29,0.019050641
392.67,0.01754666
393.04,0.018369475
393.41,0.015683877
393.78,0.01759918
394.15,0.017046616
394.52,0.020553039
394.89,0.019447612
395.26,0.019359026
395.63,0.019932533
396.01,0.018303043
396.38,0.020245823
396.75,0.019665776
397.12,0.018736829
397.49,0.01945653
397.86,0.020013072
398.23,0.020657037
398.6,0.020932891
398.97,0.020483716
399.34,0.020891838
399.71,0.021623728
400.08,0.021748485
400.45,0.020521062
400.83,0.02215577
401.2,0.021788298
401.57,0.021640734
401.94,0.021601682
402.31,0.02152862
402.68,0.022016857
403.05,0.02229371
403.42,0.021763162
403.79,0.021195428
404.16,0.021049594
404.53,0.021662606
404.9,0.021744163
405.27,0.021218679
405.64,0.021055928
406.01,0.021891203
406.38,0.021694326
406.75,0.021365794
407.12,0.022425332
407.49,0.022147968
407.86,0.02160872
408.23,0.022259564
408.6,0.021454991
408.97,0.021730098
409.34,0.022953759
409.71,0.021360138
410.08,0.021437385
410.45,0.022112008
410.81,0.02177166
411.18,0.023066428
411.55,0.0221709
411.92,0.021587926
412.29,0.02207426
412.66,0.022127836
413.03,0.021810195
413.4,0.022269962
413.77,0.022023837
414.14,0.022043322
414.51,0.021542843
414.88,0.022028828
415.25,0.022095468
415.62,0.022609286
415.98,0.022239027
416.35,0.022243112
416.72,0.022076096
417.09,0.021738868
417.46,0.022464912
417.83,0.021851491
418.2,0.021781814
418.57,0.022486236
418.94,0.022330057
419.3,0.021889801
419.67,0.021282744
420.04,0.022258513
420.41,0.021795693
420.78,0.022175176
421.15,0.02239587
421.52,0.022295364
421.88,0.022298426
422.25,0.022236584
422.62,0.022330175
422.99,0.021769316
423.36,0.021880987
423.73,0.022280753
424.09,0.022073427
424.46,0.021781179
424.83,0.022813856
425.2,0.022263971
425.57,0.02229694
425.93,0.022473552
426.3,0.022910728
426.67,0.022565427
427.04,0.022447604
427.41,0.022567136
427.77,0.022242808
428.14,0.022313079
428.51,0.022338095
428.88,0.022417406
429.24,0.022243115
429.61,0.022465061
429.98,0.022113208
430.35,0.022225688
430.72,0.021844431
431.08,0.022117184
431.45,0.021746606
431.82,0.022563555
432.18,0.022426369
432.55,0.022406965
432.92,0.022313336
433.29,0.021387473
433.65,0.021916234
434.02,0.021867966
434.39,0.022562248
434.76,0.022321526
435.12,0.022468386
435.49,0.022455805
435.86,0.022658411
436.22,0.022159828
436.59,0.021979864
436.96,0.023063427
437.32,0.022002491
437.69,0.022609549
438.06,0.022658066
438.43,0.022726595
438.79,0.022203712
439.16,0.022542475
439.53,0.022028126
439.89,0.022243191
440.26,0.022071274
440.63,0.022716569
440.99,0.022962088
441.36,0.022469045
441.72,0.022892316
442.09,0.022891495
442.46,0.023056973
442.82,0.022733843
443.19,0.022711373
443.56,0.022559701
443.92,0.022817509
444.29,0.022575716
444.66,0.022531026
445.02,0.02280246
445.39,0.022966931
445.75,0.02299611
446.12,0.022718718
446.49,0.022701053
446.85,0.022673575
447.22,0.022942748
447.58,0.022461293
447.95,0.022770309
448.31,0.022638692
448.68,0.022937525
449.05,0.023257773
449.41,0.022470913
449.78,0.022602894
450.14,0.02236198
450.51,0.023239711
450.87,0.022881035
451.24,0.022897892
451.61,0.022997822
451.97,0.022633985
452.34,0.023309474
452.7,0.023316653
453.07,0.022703146
453.43,0.022749538
453.8,0.023388239
454.16,0.02276015
454.53,0.023035119
454.89,0.022972729
455.26,0.022969843
455.62,0.023048606
455.99,0.022817157
456.35,0.023199048
456.72,0.023255501
457.08,0.023464461
457.45,0.023456026
457.81,0.023093757
458.18,0.022691863
458.54,0.023080814
458.91,0.023354094
459.27,0.023471046
459.64,0.023213334
460,0.022908915
460.36,0.023199276
460.73,0.023100346
461.09,0.023296579
461.46,0.0231397
461.82,0.023438806
462.19,0.023197591
462.55,0.022972859
462.92,0.023253908
463.28,0.02351736
463.64,0.023300246
464.01,0.0232898
464.37,0.023432156
464.74,0.023230026
465.1,0.023056442
465.46,0.023441896
465.83,0.023571929
466.19,0.023309744
466.56,0.023784352
466.92,0.023102055
467.28,0.023155237
467.65,0.023786584
468.01,0.023545043
468.38,0.023577723
468.74,0.023137108
469.1,0.023591275
469.47,0.023431665
469.83,0.023141791
470.19,0.023279849
470.56,0.02319924
470.92,0.023392403
471.28,0.023707209
471.65,0.023507757
472.01,0.023234748
472.37,0.023643669
472.74,0.023674731
473.1,0.023640524
473.46,0.023819876
473.83,0.023809628
474.19,0.023647474
474.55,0.023772848
474.92,0.023651803
475.28,0.024003168
475.64,0.023921991
476.01,0.02376334
476.37,0.02379232
476.73,0.02350604
477.09,0.02398377
477.46,0.024105693
477.82,0.023865989
478.18,0.023794628
478.54,0.02358523
478.91,0.024110696
479.27,0.023995816
479.63,0.023848604
480,0.024028988
480.36,0.024048235
480.72,0.023977492
481.08,0.024011436
481.45,0.024173754
481.81,0.024203247
482.17,0.024262638
482.53,0.024317443
482.89,0.024141065
483.26,0.024069819
483.62,0.02419423
483.98,0.024180655
484.34,0.024125203
484.7,0.024225212
485.07,0.024427168
485.43,0.024322601
485.79,0.024187586
486.15,0.024162252
486.51,0.024150305
486.88,0.024017362
487.24,0.024071257
487.6,0.024111529
487.96,0.024222778
488.32,0.024301534
488.68,0.024211135
489.05,0.024377017
489.41,0.024365966
489.77,0.024614684
490.13,0.024579353
490.49,0.024464932
490.85,0.024348693
491.21,0.024593073
491.58,0.024357978
491.94,0.024352808
492.3,0.024427582
492.66,0.024474106
493.02,0.024708093
493.38,0.024659675
493.74,0.024775269
494.1,0.024764672
494.47,0.024901919
494.83,0.02489624
495.19,0.02489829
495.55,0.024975151
495.91,0.02489026
496.27,0.024998681
496.63,0.024957864
496.99,0.025184453
497.35,0.024930316
497.71,0.025001368
498.07,0.025002685
498.43,0.024901709
498.79,0.025234311
499.15,0.025106635
499.52,0.025100487
499.88,0.025052625
500.24,0.025085137
500.6,0.025235547
500.96,0.025099741
501.32,0.025150611
501.68,0.025057649
502.04,0.02492466
502.4,0.025250028
502.76,0.02547862
503.12,0.025229566
503.48,0.025408004
503.84,0.025272686
504.2,0.025175261
504.56,0.025342183
504.92,0.025661977
505.28,0.025647124
505.64,0.025777321
506,0.025898534
506.36,0.025901637
506.72,0.025781495
507.08,0.025921764
507.44,0.02591913
507.8,0.025707443
508.15,0.025814042
508.51,0.025872416
508.87,0.025988726
509.23,0.026162812
509.59,0.026162893
509.95,0.026180943
510.31,0.026278844
510.67,0.026595971
511.03,0.026351773
511.39,0.026381912
511.75,0.026685296
512.11,0.026719185
512.47,0.026497528
512.83,0.026454775
513.18,0.026524773
513.54,0.026539457
513.9,0.026576604
514.26,0.026739827
514.62,0.026731471
514.98,0.026808316
515.34,0.026878989
515.7,0.026678823
516.05,0.026694227
516.41,0.026563619
516.77,0.026506537
517.13,0.026282041
517.49,0.026472728
517.85,0.026794755
518.21,0.026633951
518.56,0.02670901
518.92,0.02675187
519.28,0.027065203
519.64,0.027552443
520,0.02732052
520.36,0.027573929
520.71,0.02745704
521.07,0.027631463
521.43,0.027604463
521.79,0.027823136
522.15,0.027603878
522.5,0.027780939
522.86,0.027619173
523.22,0.027747063
523.58,0.027772641
523.94,0.028086584
524.29,0.028126839
524.65,0.028213911
525.01,0.028183491
525.37,0.028378058
525.72,0.028066615
526.08,0.028052854
526.44,0.027887758
526.8,0.027797827
527.15,0.027881598
527.51,0.028100094
527.87,0.028325835
528.23,0.028400791
528.58,0.028447923
528.94,0.028716817
529.3,0.02877989
529.66,0.028964872
530.01,0.028845108
530.37,0.029057743
530.73,0.029137543
531.08,0.029040507
531.44,0.028993417
531.8,0.029024439
532.15,0.029171331
532.51,0.029033769
532.87,0.028933522
533.23,0.029115994
533.58,0.029210888
533.94,0.028982324
534.3,0.029324685
534.65,0.029554441
535.01,0.029614996
535.37,0.029973768
535.72,0.029863925
536.08,0.029820749
536.43,0.029738624
536.79,0.029686664
537.15,0.029947091
537.5,0.030004328
537.86,0.029903676
538.22,0.03007596
538.57,0.030014205
538.93,0.030044219
539.29,0.030194106
539.64,0.030394275
540,0.030089127
540.35,0.03031715
540.71,0.030246487
541.07,0.030451711
541.42,0.030663434
541.78,0.030788177
542.13,0.030887256
542.49,0.031051753
542.84,0.031023421
543.2,0.031093315
543.56,0.031156663
543.91,0.031461504
544.27,0.031406661
544.62,0.031585892
544.98,0.031468354
545.33,0.031854068
545.69,0.031987466
546.04,0.032021721
546.4,0.032112512
546.75,0.032362348
547.11,0.032637885
547.47,0.032335086
547.82,0.032733782
548.18,0.032816795
548.53,0.033090682
548.89,0.033288256
549.24,0.03349978
549.6,0.033609976
549.95,0.033763603
550.31,0.03378666
550.66,0.033978219
551.02,0.034203413
551.37,0.034158351
551.72,0.034380145
552.08,0.034630808
552.43,0.034732075
552.79,0.035243873
553.14,0.035144403
553.5,0.035559064
553.85,0.035473471
554.21,0.035970084
554.56,0.035884952
554.92,0.036311512
555.27,0.036469872
555.62,0.036543829
555.98,0.036677107
556.33,0.036832998
556.69,0.037019411
557.04,0.037128495
557.4,0.037300828
557.75,0.037595541
558.1,0.037536112
558.46,0.038005543
558.81,0.038000513
559.17,0.038322574
559.52,0.038281764
559.87,0.03878725
560.23,0.039129076
560.58,0.039396389
560.93,0.039587735
561.29,0.039851713
561.64,0.039805035
561.99,0.04010693
562.35,0.040284342
562.7,0.040549745
563.06,0.040867911
563.41,0.04107132
563.76,0.041034441
564.12,0.041228631
564.47,0.041620536
564.82,0.04167156
565.18,0.041888667
565.53,0.041985034
565.88,0.042253073
566.23,0.042361941
566.59,0.042620339
566.94,0.042602575
567.29,0.042709608
567.65,0.042739977
568,0.043044097
568.35,0.043003906
568.71,0.043272654
569.06,0.043107008
569.41,0.043185373
569.76,0.043613116
570.12,0.043343212
570.47,0.043520408
570.82,0.043610809
571.17,0.043563199
571.53,0.043793898
571.88,0.044093193
572.23,0.043955927
572.58,0.044180047
572.94,0.044541999
573.29,0.04447974
573.64,0.044254633
573.99,0.044380913
574.34,0.044464249
574.7,0.044593397
575.05,0.044325718
575.4,0.044761332
575.75,0.044368913
576.11,0.044736663
576.46,0.044865646
576.81,0.044604845
577.16,0.044687906
577.51,0.044642197
577.86,0.044825434
578.22,0.044885359
578.57,0.044961951
578.92,0.044636504
579.27,0.044797973
579.62,0.044865018
579.97,0.044799123
580.33,0.044995631
580.68,0.044693737
581.03,0.044793552
581.38,0.044986961
581.73,0.044652688
582.08,0.045089104
582.43,0.045014518
582.78,0.0449207
583.14,0.044663142
583.49,0.044928994
583.84,0.044757524
584.19,0.044724249
584.54,0.044884226
584.89,0.044595586
585.24,0.04470235
585.59,0.044729593
585.94,0.044781606
586.29,0.044975594
586.65,0.044813938
587,0.044889957
587.35,0.045058816
587.7,0.044654591
588.05,0.044956906
588.4,0.044986189
588.75,0.044810912
589.1,0.044598284
589.45,0.045153971
589.8,0.044748058
590.15,0.044766236
590.5,0.044871616
590.85,0.044908224
591.2,0.045505733
591.55,0.045694577
591.9,0.045862777
592.25,0.045902547
592.6,0.045906506
592.95,0.046044333
593.3,0.046560953
593.65,0.04649902
594,0.046674929
594.35,0.046502862
594.7,0.046872997
595.05,0.046827709
595.4,0.047122068
595.75,0.047617644
596.1,0.047816313
596.45,0.047793708
596.8,0.048308736
597.15,0.048145175
597.5,0.04851674
597.85,0.048792977
598.2,0.048844417
598.55,0.049068697
598.9,0.049002842
599.24,0.049364571
599.59,0.049459004
599.94,0.049240518
600.29,0.049427795
600.64,0.049219754
600.99,0.049461323
601.34,0.049438509
601.69,0.049360823
602.04,0.04927998
602.39,0.04905592
602.73,0.049171661
603.08,0.049016658
603.43,0.048788329
603.78,0.048349561
604.13,0.048645395
604.48,0.048661738
604.83,0.04815051
605.18,0.047838118
605.52,0.04788621
605.87,0.047805475
606.22,0.047054389
606.57,0.046926479
606.92,0.046663793
607.27,0.046391986
607.61,0.046002539
607.96,0.045620085
608.31,0.045494608
608.66,0.0452825
609.01,0.044850717
609.36,0.044493791
609.7,0.0442532
610.05,0.043798534
610.4,0.043417319
610.75,0.043320335
611.1,0.042684968
611.44,0.04292113
611.79,0.042254936
612.14,0.042396221
612.49,0.041942902
612.83,0.041645379
613.18,0.041302719
613.53,0.040711412
613.88,0.040803948
614.22,0.040307629
614.57,0.040006228
614.92,0.040026283
615.27,0.040118384
615.61,0.039943105
615.96,0.039319643
616.31,0.039227185
616.66,0.039220271
617,0.038648849
617.35,0.038645533
617.7,0.038505319
618.04,0.038362164
618.39,0.038243533
618.74,0.038204407
619.08,0.038190454
619.43,0.037634686
619.78,0.037823482
620.12,0.037436718
620.47,0.037639432
620.82,0.037375464
621.16,0.037480487
621.51,0.03776479
621.86,0.037168904
622.2,0.037304224
622.55,0.037008446
622.9,0.03718506
623.24,0.037045504
623.59,0.036980588
623.94,0.037038301
624.28,0.036904803
624.63,0.03677785
624.98,0.036981574
625.32,0.036772839
625.67,0.036846404
626.01,0.037006583
626.36,0.036325722
626.71,0.03677019
627.05,0.036543504
627.4,0.036477669
627.74,0.03635213
628.09,0.035901504
628.43,0.036003683
628.78,0.036175856
629.13,0.036076498
629.47,0.036236807
629.82,0.036130207
630.16,0.035868405
630.51,0.03585215
630.85,0.036128295
631.2,0.036137224
631.54,0.035910528
631.89,0.035688828
632.24,0.036073457
632.58,0.036071332
632.93,0.035945274
633.27,0.03579701
633.62,0.035864239
633.96,0.035591765
634.31,0.03558558
634.65,0.035574379
635,0.035921525
635.34,0.036012978
635.69,0.035836171
636.03,0.035806638
636.38,0.035871683
636.72,0.03610728
637.07,0.036065665
637.41,0.036303332
637.75,0.03626095
638.1,0.036521579
638.44,0.036770059
638.79,0.037050312
639.13,0.037007199
639.48,0.037114333
639.82,0.037253214
640.17,0.037584601
640.51,0.037705279
640.85,0.037752597
641.2,0.038359965
641.54,0.038412404
641.89,0.038859773
642.23,0.038957323
642.57,0.039287294
642.92,0.03905303
643.26,0.039372818
643.61,0.038946248
643.95,0.039642112
644.29,0.039692141
644.64,0.039634974
644.98,0.039802437
645.33,0.039666296
645.67,0.040046292
646.01,0.039744509
646.36,0.039900064
646.7,0.039486359
647.04,0.040031451
647.39,0.040069679
647.73,0.040068501
648.07,0.039674689
648.42,0.039492761
648.76,0.039351847
649.1,0.039183455
649.45,0.039270421
649.79,0.039045035
650.13,0.038698703
650.48,0.038640036
650.82,0.038544257
651.16,0.038035697
651.5,0.037394179
651.85,0.037221327
652.19,0.036717934
652.53,0.036899362
652.88,0.036226547
653.22,0.035803184
653.56,0.035965714
653.9,0.035405819
654.25,0.034635804
654.59,0.034626698
654.93,0.03403119
655.27,0.033581577
655.62,0.033412065
655.96,0.03318516
656.3,0.032515096
656.64,0.03186992
656.99,0.031699125
657.33,0.031133556
657.67,0.030673634
658.01,0.030053639
658.35,0.02982743
658.7,0.029503125
659.04,0.029185481
659.38,0.028997356
659.72,0.028591252
660.06,0.02806597
660.41,0.028169456
660.75,0.02756773
661.09,0.027363351
661.43,0.027617442
661.77,0.027139266
662.11,0.026630946
662.46,0.026568881
662.8,0.026635211
663.14,0.026392491
663.48,0.026042797
663.82,0.026326969
664.16,0.026116218
664.5,0.026039784
664.85,0.025569136
665.19,0.026038019
665.53,0.026375721
665.87,0.025788605
666.21,0.025661507
666.55,0.02552776
666.89,0.025202452
667.23,0.025167832
667.57,0.025413305
667.92,0.025462366
668.26,0.02602653
668.6,0.025741431
668.94,0.025680864
669.28,0.025504623
669.62,0.025481865
669.96,0.025845579
670.3,0.025606612
670.64,0.025863139
670.98,0.025905153
671.32,0.026189168
671.66,0.026127397
672,0.026043791
672.34,0.026400193
672.68,0.026087769
673.02,0.026742425
673.36,0.026189852
673.7,0.026975513
674.04,0.026357171
674.38,0.026887863
674.72,0.026897147
675.06,0.026727394
675.4,0.027127399
675.74,0.027135829
676.08,0.02779464
676.42,0.027158663
676.76,0.027073605
677.1,0.02738635
677.44,0.027720179
677.78,0.027998377
678.12,0.028203213
678.46,0.028418188
678.8,0.0279717
679.14,0.028548178
679.48,0.028536926
679.82,0.028761883
680.16,0.02861775
680.5,0.028915221
680.84,0.029726441
681.18,0.029527291
681.51,0.02955828
681.85,0.029618863
682.19,0.02999355
682.53,0.030401941
682.87,0.030201729
683.21,0.030628953
683.55,0.030859456
683.89,0.031059183
684.23,0.03116931
684.56,0.031087791
684.9,0.031650243
685.24,0.031946394
685.58,0.032038788
685.92,0.032584406
686.26,0.032540916
686.6,0.033480378
686.93,0.034127894
687.27,0.034292686
687.61,0.035139998
687.95,0.035721296
688.29,0.035815702
688.63,0.036044193
688.96,0.036690936
689.3,0.037445026
689.64,0.037681736
689.98,0.038526374
690.32,0.039801767
690.65,0.040144928
690.99,0.040408473
691.33,0.041583966
691.67,0.042655631
692.01,0.043722191
692.34,0.044938185
692.68,0.045521026
693.02,0.047202134
693.36,0.049523525
693.69,0.05110979
694.03,0.052852225
694.37,0.05442997
694.71,0.056208614
695.04,0.058693108
695.38,0.060568758
695.72,0.062798118
696.06,0.065110258
696.39,0.067284562
696.73,0.069306928
697.07,0.07165889
697.4,0.074622846
697.74,0.076852181
698.08,0.080129894
698.42,0.082673879
698.75,0.085544702
699.09,0.089056231
699.43,0.092626639
699.76,0.096311634
700.1,0.098562488
700.44,0.103044285
700.77,0.106148115
701.11,0.110183345
701.45,0.113846883
701.78,0.11759128
702.12,0.120736894
702.45,0.125010125
702.79,0.128695028
703.13,0.132698789
703.46,0.136021329
703.8,0.140383621
704.14,0.144742201
704.47,0.149007244
704.81,0.151597438
705.14,0.15683125
705.48,0.160078419
705.82,0.16473365
706.15,0.167568244
706.49,0.172041515
706.82,0.176856477
707.16,0.181068359
707.5,0.185162657
707.83,0.189047002
708.17,0.192578872
708.5,0.196329013
708.84,0.200432987
709.17,0.20409838
709.51,0.208117814
709.84,0.212264696
710.18,0.216089301
710.52,0.219870399
710.85,0.224133238
711.19,0.226561693
711.52,0.231606557
711.86,0.235288131
712.19,0.237748596
712.53,0.242335341
712.86,0.245449928
713.2,0.248620232
713.53,0.252551836
713.87,0.254620167
714.2,0.25876811
714.54,0.262121772
714.87,0.265892965
715.21,0.268771851
715.54,0.272324776
715.88,0.27788966
716.21,0.278116759
716.54,0.282874185
716.88,0.285580441
717.21,0.290234099
717.55,0.293641884
717.88,0.296108482
718.22,0.299578288
718.55,0.303359275
718.88,0.305306318
719.22,0.309607662
719.55,0.311060409
719.89,0.317428481
720.22,0.318335047
720.56,0.321882268
720.89,0.321326752
721.22,0.322946422
721.56,0.327988359
721.89,0.329277381
722.22,0.330716909
722.56,0.332493837
722.89,0.334609992
723.23,0.336706352
723.56,0.340167627
723.89,0.342005857
724.23,0.34302026
724.56,0.346817454
724.89,0.35002154
725.23,0.349700072
725.56,0.353509936
725.89,0.356893302
726.23,0.35813391
726.56,0.357720624
726.89,0.362173348
727.23,0.362753849
727.56,0.365608244
727.89,0.36752604
728.23,0.368170711
728.56,0.369653158
728.89,0.371272685
729.22,0.372380322
729.56,0.375186348
729.89,0.374925935
730.22,0.377283511
730.55,0.378996771
730.89,0.381513254
731.22,0.380410014
731.55,0.38236347
731.89,0.383885813
732.22,0.38664987
732.55,0.384889033
732.88,0.388150241
733.21,0.388316359
733.55,0.389073126
733.88,0.389772609
734.21,0.390434174
734.54,0.394236243
734.88,0.396426936
735.21,0.39749185
735.54,0.397052875
735.87,0.396770838
736.2,0.400045704
736.54,0.401748452
736.87,0.40212585
737.2,0.403794737
737.53,0.404548088
737.86,0.406540453
738.19,0.407639134
738.53,0.408725474
738.86,0.409109441
739.19,0.411184593
739.52,0.411235325
739.85,0.411842323
740.18,0.412661424
740.51,0.415784097
740.85,0.415015231
741.18,0.417070049
741.51,0.415450411
741.84,0.418438456
742.17,0.419263174
742.5,0.42157314
742.83,0.421323082
743.16,0.42518745
743.49,0.421903066
743.82,0.424915483
744.16,0.422925454
744.49,0.424163717
744.82,0.42613533
745.15,0.426523001
745.48,0.427825314
745.81,0.429542744
746.14,0.427497407
746.47,0.43084068
746.8,0.430978426
747.13,0.431554224
747.46,0.432052782
747.79,0.433127675
748.12,0.431806295
748.45,0.43319727
748.78,0.43607467
749.11,0.43371826
749.44,0.439062189
749.77,0.43847458
750.1,0.437082673
750.43,0.437321101
750.76,0.437743842
751.09,0.437717724
751.42,0.443326402
751.75,0.439848637
752.08,0.44258335
752.41,0.442994293
752.74,0.442213035
753.07,0.443673982
753.4,0.444617139
753.73,0.443043018
754.06,0.443929176
754.39,0.447936384
754.72,0.445927316
755.05,0.445431218
755.38,0.447733711
755.71,0.447318947
756.03,0.449026084
756.36,0.449981238
756.69,0.450460648
757.02,0.450190059
757.35,0.450200276
757.68,0.449249395
758.01,0.451666617
758.34,0.451861786
758.67,0.454861501
758.99,0.453754292
759.32,0.456353504
759.65,0.455066403
759.98,0.459026463
760.31,0.457563548
760.64,0.461081193
760.97,0.456548413
761.29,0.458220119
761.62,0.454350467
761.95,0.459677244
762.28,0.45782887
762.61,0.459313837
762.94,0.459321787
763.26,0.459723566
763.59,0.45872153
763.92,0.459740554
764.25,0.458685179
764.58,0.460323737
764.9,0.458267675
765.23,0.462259442
765.56,0.46374533
765.89,0.462138207
766.22,0.463016041
766.54,0.462628259
766.87,0.463845583
767.2,0.461275481
767.53,0.463907957
767.85,0.463564327
768.18,0.464551848
768.51,0.46513023
768.84,0.462569481
769.16,0.466481032
769.49,0.46937029
769.82,0.468531422
770.15,0.464964717
770.47,0.468693143
770.8,0.467609095
771.13,0.465987509
771.45,0.470417648
771.78,0.470535954
772.11,0.469372067
772.43,0.471341864
772.76,0.470380761
773.09,0.469747118
773.41,0.469082189
773.74,0.472668597
774.07,0.470046907
774.39,0.471551088
774.72,0.473063374
775.05,0.472278503
775.37,0.472845431
775.7,0.475467205
776.03,0.473451792
776.35,0.475085661
776.68,0.473842479
777.01,0.47663192
777.33,0.478158018
777.66,0.475264085
777.98,0.473643403
778.31,0.475078516
778.64,0.477797046
778.96,0.477893202
779.29,0.476607392
779.61,0.477785764
779.94,0.478051679
780.27,0.48035198
780.59,0.477244631
780.92,0.477942835
781.24,0.477894895
781.57,0.480253127
781.89,0.480312874
782.22,0.480945201
782.54,0.482052299
782.87,0.482571503
783.19,0.483154661
783.52,0.482737733
783.85,0.481931203
784.17,0.485811353
784.5,0.484347783
784.82,0.484697451
785.15,0.484112633
785.47,0.483226684
785.8,0.484228311
786.12,0.483462963
786.45,0.486402159
786.77,0.486173624
787.1,0.487235017
787.42,0.487075178
787.74,0.485695211
788.07,0.483994067
788.39,0.485651556
788.72,0.486908152
789.04,0.486007895
789.37,0.48376261
789.69,0.481664477
790.02,0.485035643
790.34,0.488049806
790.66,0.48655991
790.99,0.487358872
791.31,0.492063291
791.64,0.48965272
791.96,0.488899724
792.29,0.489296291
792.61,0.490520708
792.93,0.488106989
793.26,0.49042894
793.58,0.491827316
793.9,0.492076838
794.23,0.487400813
794.55,0.492840354
794.88,0.489314188
795.2,0.489270285
795.52,0.493029128
795.85,0.49230766
796.17,0.48903571
796.49,0.490619014
796.82,0.493930986
797.14,0.492652315
797.46,0.494333267
797.79,0.490417133
798.11,0.49554467
798.43,0.491530405
798.76,0.493560632
799.08,0.496232928
799.4,0.491992139
799.73,0.489060306
800.05,0.49023147
800.37,0.492755613
800.69,0.493987887
801.02,0.493182778
801.34,0.495769435
801.66,0.491882707
801.98,0.494239
802.31,0.493553087
802.63,0.491296629
802.95,0.4941236
803.27,0.492747043
803.6,0.492439388
803.92,0.491470336
804.24,0.494528621
804.56,0.496208405
804.89,0.496728078
805.21,0.494401012
805.53,0.494377339
805.85,0.498093888
806.17,0.498310502
806.5,0.493166381
806.82,0.499442973
807.14,0.497778907
807.46,0.49587947
807.78,0.498094165
808.11,0.498665361
808.43,0.498078243
808.75,0.497705401
809.07,0.497916448
809.39,0.49644599
809.71,0.497930587
810.03,0.498359197
810.36,0.502903701
810.68,0.500901876
811,0.500180722
811.32,0.499789326
811.64,0.50051174
811.96,0.499968982
812.28,0.499932904
812.6,0.503293322
812.93,0.497482945
813.25,0.500839179
813.57,0.497458652
813.89,0.501077342
814.21,0.504382782
814.53,0.501624088
814.85,0.493519589
815.17,0.497816395
815.49,0.498407158
815.81,0.507250724
816.13,0.498910931
816.45,0.496974969
816.77,0.510441568
817.09,0.506329923
817.41,0.501440194
817.73,0.506417254
818.06,0.505514527
818.38,0.509002157
818.7,0.510543217
819.02,0.508007043
819.34,0.50675481
819.66,0.512611473
819.98,0.513386587
820.3,0.510773489
820.62,0.516214938
820.94,0.519310919
821.26,0.516061246
821.57,0.517997814
821.89,0.514872826
822.21,0.513205977
822.53,0.51062101
822.85,0.508201185
823.17,0.512999813
823.49,0.514096503
823.81,0.517361584
824.13,0.514284752
824.45,0.522693542
824.77,0.526874264
825.09,0.523508532
825.41,0.523233683
825.73,0.520659706
826.05,0.521159412
826.36,0.524001834
826.68,0.524047281
827,0.525795451
827.32,0.526719835
827.64,0.522750681
827.96,0.524779035
828.28,0.519579094
828.6,0.519495819
828.92,0.523131812
829.23,0.524756305
829.55,0.524565611
829.87,0.522930823
830.19,0.531759592
830.51,0.528494324
830.83,0.529584564
831.14,0.530989961
831.46,0.530783316
831.78,0.527447172
832.1,0.53082708
832.42,0.52735053
832.74,0.526545377
833.05,0.530787918
833.37,0.529629083
833.69,0.53344168
834.01,0.529628999
834.32,0.525247687
834.64,0.53109136
834.96,0.532277571
835.28,0.536721341
835.6,0.532179648
835.91,0.532261191
836.23,0.533811052
836.55,0.532759136
836.87,0.529239084
837.18,0.538090384
837.5,0.532358522
837.82,0.538789347
838.13,0.537299592
838.45,0.533887119
838.77,0.532674561
839.09,0.53359087
839.4,0.539536596
839.72,0.533212572
840.04,0.542659168
840.35,0.537353879
840.67,0.537600768
840.99,0.538444456
841.3,0.535085862
841.62,0.539828418
841.94,0.538769006
842.25,0.536667339
842.57,0.540777776
842.89,0.5340782
843.2,0.539685708
843.52,0.536040221
843.84,0.535124118
844.15,0.545572652
844.47,0.544465905
844.79,0.542618701
845.1,0.537314014
845.42,0.546582263
845.73,0.542578425
846.05,0.539832242
846.37,0.546472366
846.68,0.542462134
847,0.544417826
847.31,0.54723469
847.63,0.544757134
847.94,0.545631955
848.26,0.550709748
848.58,0.545786907
848.89,0.541660722
849.21,0.542725599
849.52,0.541417983
849.84,0.543986393
850.15,0.543209608
850.47,0.543052839
850.78,0.541230776
851.1,0.543613275
851.41,0.54214955
851.73,0.546804398
852.04,0.546140496
852.36,0.54869777
852.67,0.55024706
852.99,0.551097902
853.3,0.545159562
853.62,0.549198156
853.93,0.549082464
854.25,0.546026911
854.56,0.544149902
854.88,0.545034412
855.19,0.545566709
855.51,0.546622354
855.82,0.543316457
856.14,0.551225929
856.45,0.547465228
856.77,0.541156055
857.08,0.548515535
857.39,0.554470643
857.71,0.547784821
858.02,0.554201082
858.34,0.548943295
858.65,0.549285518
858.96,0.550997056
859.28,0.54708824
859.59,0.54825547
859.91,0.555060207
860.22,0.542255423
860.53,0.553720506
860.85,0.551553128
861.16,0.548886702
861.47,0.548782963
861.79,0.553365064
862.1,0.549158741
862.42,0.551978141
862.73,0.556123697
863.04,0.549829439
863.36,0.550844475
863.67,0.555488439
863.98,0.55135914
864.3,0.540407683
864.61,0.552920615
864.92,0.555429668
865.23,0.551653013
865.55,0.554221476
865.86,0.554080762
866.17,0.553164826
866.49,0.556478878
866.8,0.551468036
867.11,0.54881051
867.42,0.562510862
867.74,0.551147772
868.05,0.549393828
868.36,0.553046168
868.67,0.554937222
868.99,0.554071413
869.3,0.555516394
869.61,0.561100841
869.92,0.554279098
870.24,0.561566004
870.55,0.5559571
870.86,0.558093271
871.17,0.557381963
871.49,0.562426148
871.8,0.557705662
872.11,0.553787195
872.42,0.558168667
872.73,0.55928218
873.04,0.55712657
873.36,0.554129107
873.67,0.560378765
873.98,0.558390931
874.29,0.56268979
874.6,0.565940815
874.91,0.562596658
875.23,0.561499901
875.54,0.560168524
875.85,0.561051016
876.16,0.562158105
876.47,0.555511732
876.78,0.566490366
877.09,0.567366297
877.4,0.566329304
877.72,0.554955226
878.03,0.560781621
878.34,0.559299618
878.65,0.564867854
878.96,0.565450363
879.27,0.56362712
879.58,0.56573533
879.89,0.563664933
880.2,0.567944153
880.51,0.570857093
880.82,0.565572584
881.13,0.56482238
881.45,0.566547046
881.76,0.568662067
882.07,0.566035516
882.38,0.570392698
882.69,0.564934614
883,0.569530338
883.31,0.577838031
883.62,0.568214739
883.93,0.566035245
884.24,0.566134689
884.55,0.564588414
884.86,0.565890481
885.17,0.571948037
885.48,0.570844077
885.79,0.566939914
886.1,0.568688883
886.41,0.56296578
886.72,0.573548406
887.03,0.569108068
887.33,0.567327936
887.64,0.568720034
887.95,0.56545672
888.26,0.570548427
888.57,0.578653154
888.88,0.576841422
889.19,0.567864621
889.5,0.569427405
889.81,0.577684415
890.12,0.572160287
890.43,0.579044218
890.74,0.565793391
891.05,0.570596053
891.35,0.573693323
891.66,0.573147064
891.97,0.561868102
892.28,0.578313552
892.59,0.578467513
892.9,0.560343783
893.21,0.57497438
893.51,0.567472504
893.82,0.568425631
894.13,0.564217342
894.44,0.562483014
894.75,0.566658694
895.06,0.571737824
895.36,0.565931448
895.67,0.558203402
895.98,0.567324306
896.29,0.562568678
896.6,0.556291678
896.91,0.561701496
897.21,0.56269148
897.52,0.559065128
897.83,0.57379628
898.14,0.562008777
898.44,0.545440162
898.75,0.548697577
899.06,0.565456885
899.37,0.572016067
899.68,0.570923986
899.98,0.568790651
900.29,0.545492567
900.6,0.567171003
900.9,0.542946153
901.21,0.557937425
901.52,0.552698316
901.83,0.543435946
902.13,0.561041294
902.44,0.557545192
902.75,0.557320419
903.05,0.564826469
903.36,0.577927162
903.67,0.563406466
903.98,0.561766535
904.28,0.564103632
904.59,0.569246836
904.9,0.564599584
905.2,0.578146724
905.51,0.558356672
905.82,0.577023106
906.12,0.558640236
906.43,0.570318912
906.73,0.562148378
907.04,0.556535439
907.35,0.558005402
907.65,0.557612445
907.96,0.54661602
908.27,0.561174762
908.57,0.556850228
908.88,0.541847137
909.18,0.556009071
909.49,0.538201718
909.8,0.549223098
910.1,0.527011585
910.41,0.55027405
910.71,0.559618324
911.02,0.563463681
911.32,0.570219868
911.63,0.556084066
911.94,0.572323995
912.24,0.554021269
912.55,0.543943842
912.85,0.548916432
913.16,0.554025266
913.46,0.556398636
913.77,0.534955443
914.07,0.546415261
914.38,0.540136348
914.68,0.543085617
914.99,0.522229764
915.29,0.526829242
915.6,0.547106374
915.9,0.540618943
916.21,0.537794397
916.51,0.540375565
916.82,0.549668823
917.12,0.528294285
917.43,0.550124412
917.73,0.539246411
918.03,0.539713828
918.34,0.532935117
918.64,0.536640802
918.95,0.577046519
919.25,0.552487628
919.56,0.562878216
919.86,0.570550807
920.16,0.558430751
920.47,0.571729574
920.77,0.561515805
921.08,0.547642857
921.38,0.573254806
921.68,0.548897024
921.99,0.551994657
922.29,0.545120373
922.6,0.563889954
922.9,0.552645248
923.2,0.524897928
923.51,0.565587271
923.81,0.544725135
924.11,0.549148345
924.42,0.550574448
924.72,0.568036534
925.02,0.555748569
925.33,0.536740816
925.63,0.542413232
925.93,0.56408053
926.24,0.538363591
926.54,0.551006609
926.84,0.558003842
927.15,0.558150031
927.45,0.519590264
927.75,0.519421145
928.05,0.517471423
928.36,0.517776829
928.66,0.518825139
928.96,0.46772826
929.27,0.498883283
929.57,0.492532033
929.87,0.443638229
930.17,0.450905885
930.48,0.50632468
930.78,0.480209634
931.08,0.369491492
931.38,0.388004896
931.68,0.314076891
931.99,0.371412813
932.29,0.27226458
932.59,0.210741713
932.89,0.05988245
933.19,0.016965532
933.5,-0.099909863
933.8,-0.697006378
934.1,-0.344730349
934.4,-0.436423517
934.7,-0.102796806
935.01,-0.027763775
935.31,-0.353343516
935.61,-0.20886821
935.91,-0.619534628
936.21,-0.161926487
936.51,-0.417831374
936.81,0.03794817
937.12,-0.214687439
937.42,0.141407776
937.72,-0.611604747
938.02,-0.339199462
938.32,0.03862998
938.62,0.198378351
938.92,0.103918456
939.22,0.341613265
939.52,0.404126038
939.82,0.448137047
940.13,0.288855418
940.43,0.309076043
940.73,0.319130536
941.03,0.264604866
941.33,0.240314535
941.63,0.345274763
941.93,0.329335063
942.23,0.226967812
942.53,0.233378425
942.83,0.117431158
943.13,0.255166988
943.43,0.318556384
943.73,0.192693685
944.03,0.145837861
944.33,0.011620033
944.63,0.248970363
944.93,0.18447708
945.23,0.043693036
945.53,0.111532963
945.83,-0.089799312
946.13,0.076282446
946.43,0.060263711
946.73,0.058486519
947.03,0.139523715
947.33,0.318096177
947.63,0.051776923
947.93,0.159835625
948.23,0.219244518
948.53,0.254784904
948.83,0.152818965
949.12,0.201114423
949.42,0.040845382
949.72,0.150003962
950.02,-0.076328098
950.32,0.050860151
950.62,0.18754669
950.92,0.228666167
951.22,0.226614059
951.52,0.173604185
951.82,0.108101832
952.11,0.014615144
952.41,-0.145953458
952.71,0.053334859
953.01,0.115584709
953.31,0.163410833
953.61,0.156245746
953.91,0.200512945
954.2,0.104048449
954.5,0.098485002
954.8,0.030241446
955.1,0.16175079
955.4,0.098148699
955.69,0.146404553
955.99,0.089762857
956.29,0.11383553
956.59,0.186352515
956.89,0.052653283
957.18,0.214130719
957.48,0.230116278
957.78,0.366278222
958.08,0.306947362
958.37,0.19815022
958.67,0.094152469
958.97,-0.014002796
959.27,0.155198056
959.56,0.094557807
959.86,0.104552798
960.16,0.206352365
960.46,0.130939419
960.75,0.165851125
961.05,0.205888674
961.35,0.238053671
961.65,0.217766979
961.94,0.196224904
962.24,0.242687925
962.54,0.143700956
962.83,0.215267899
963.13,0.176243294
963.43,0.219787558
963.72,0.305882495
964.02,0.313718246
964.32,0.163173472
964.61,0.276768337
964.91,0.328345768
965.21,0.233960065
965.5,0.199373219
965.8,0.191252439
966.09,0.361624925
966.39,0.274359729
966.69,0.21810727
966.98,0.301094035
967.28,0.324474201
967.57,0.312152629
967.87,0.339423016
968.17,0.324546599
968.46,0.330194744
968.76,0.334605147
969.05,0.345031439
969.35,0.330173275
969.65,0.313729349
969.94,0.30607909
970.24,0.358624475
970.53,0.360830895
970.83,0.329350514
971.12,0.387590624
971.42,0.353914271
971.71,0.342112052
972.01,0.312793512
972.3,0.377176759
972.6,0.301943772
972.89,0.306986257
973.19,0.32784973
973.48,0.336661641
973.78,0.284559378
974.07,0.335209936
974.37,0.379355426
974.66,0.19286313
974.96,0.29440522
975.25,0.286617868
975.55,0.322072314
975.84,0.256376896
976.14,0.334780127
976.43,0.303651815
976.72,0.285768741
977.02,0.294285802
977.31,0.319566689
977.61,0.294432344
977.9,0.240932831
978.2,0.30157913
978.49,0.366780559
978.78,0.290049215
979.08,0.352972463
979.37,0.286442714
979.67,0.235162176
979.96,0.250613233
980.25,0.301813087
980.55,0.343818383
980.84,0.278770665
981.13,0.296407888
981.43,0.364946489
981.72,0.369548057
982.01,0.397659727
982.31,0.296930279
982.6,0.433597766
982.89,0.307560728
983.19,0.281959866
983.48,0.39921401
983.77,0.393273648
984.07,0.382344577
984.36,0.360173211
984.65,0.252144463
984.95,0.323318433
985.24,0.345568082
985.53,0.323640543
985.82,0.301955872
986.12,0.447064403
986.41,0.290284473
986.7,0.334137928
986.99,0.398161368
987.29,0.305722878
987.58,0.309595485
987.87,0.297844236
988.16,0.366188335
988.46,0.409191748
988.75,0.31893527
989.04,0.352331324
989.33,0.370574205
989.62,0.382525135
989.92,0.355496822
990.21,0.37343434
990.5,0.345034813
990.79,0.332470297
991.08,0.412474612
991.38,0.380798022
991.67,0.349547353
991.96,0.324625324
992.25,0.323534292
992.54,0.328957
992.83,0.355357124
993.12,0.286375158
993.42,0.304102977
993.71,0.329656897
994,0.272383685
994.29,0.354021706
994.58,0.345865235
994.87,0.266518651
995.16,0.281539313
995.45,0.387078515
995.74,0.318638328
996.04,0.345464244
996.33,0.465212989
996.62,0.327439004
996.91,0.321121512
997.2,0.280421238
997.49,0.358903262
997.78,0.281118747
998.07,0.33909794
998.36,0.303854958
998.65,0.351985581
998.94,0.291312607
999.23,0.355405899
999.52,0.337491635
999.81,0.366761529
1000.1,0.302021529
1000.39,0.341267709
1000.68,0.26270167
1000.97,0.241070851
1001.26,0.267406136
1001.55,0.268981426
1001.84,0.303970205
1002.13,0.281623601
1002.42,0.30711584
1002.71,0.326502263
1003,0.203936343
1003.29,0.240287366
1003.58,0.310882088
1003.87,0.325195297
1004.16,0.291240863
1004.45,0.274176268
1004.74,0.229011543
1005.03,0.257251872
1005.31,0.183363783
1005.6,0.220873019
1005.89,0.330290041
1006.18,0.290708354
1006.47,0.321661347
1006.76,0.342871495
1007.05,0.180225761
1007.34,0.238121028
1007.63,0.252167815
1007.91,0.133164587
1008.2,0.350517506
1008.49,0.289013745
1008.78,0.266030443
1009.07,0.362143091
1009.36,0.252377029
1009.65,0.241926872
1009.93,0.308055177
1010.22,0.193416784
1010.51,0.134563765
1010.8,0.272214669
1011.09,0.2119993
1011.37,0.244109289
1011.66,0.202409304
1011.95,0.28989643
1012.24,0.246932479
1012.53,0.195786894
1012.81,0.196247835
1013.1,0.194019652
1013.39,0.318715285
1013.68,0.304793363
1013.96,0.158374915
1014.25,0.340172753
1014.54,0.188221897
1014.83,0.271674776
1015.11,0.028083791
1015.4,0.110648727
1015.69,0.039741034
1015.98,0.117966688
1016.26,0.403300584
1016.55,0.003374878
1016.84,0.256564121
1017.12,0.027493196
1017.41,0.097053899
1017.7,0.017415748
1017.98,0.068528109
1018.27,0.092947411
1018.56,0.206999359
1018.84,-0.008287715
1019.13,0.021853169
1019.42,0.221465263
1019.7,0.256655853
1019.99,0.249363868
1020.28,0.160094233
1020.56,0.02908538
1020.85,0.014530982
1021.13,0.206822151
1021.42,-0.150510316
1021.71,-0.088750938
1021.99,-0.028459879
1022.28,0.197796105
1022.56,0.216928535
1022.85,-0.433206215
1023.14,-0.223769858
1023.42,-0.21033276
1023.71,0.206566794
1023.99,-0.041423922
1024.28,-0.188111855
