muricata,reflection
339.97,0.955870429
340.35,0.955870429
340.72,0.955870429
341.1,1.05506106
341.47,0.231379625
341.85,0.319763488
342.23,0.865538395
342.6,2.928784563
342.98,0.240514896
343.35,1.13672963
343.73,0.278160727
344.11,0.955112966
344.48,0.480347698
344.86,-2.599933174
345.23,0.650513156
345.61,-1.307474834
345.98,0.697225487
346.36,2.214939304
346.73,1.468921342
347.11,-0.515451487
347.49,0.434018181
347.86,6.841374055
348.24,0.551185454
348.61,0.785763305
348.99,-0.552944877
349.36,-0.011454355
349.74,-0.056914052
350.11,-0.098796034
350.49,-0.193838199
350.86,-0.085258024
351.24,-0.052153391
351.61,-0.151034197
351.99,-0.11212966
352.36,-0.123973916
352.74,-0.090240668
353.11,-0.125433097
353.49,-0.055829603
353.86,0.045915001
354.24,-0.040211062
354.61,-0.136842401
354.99,-0.065651592
355.36,-0.094191745
355.74,-0.080372997
356.11,-0.106968619
356.49,-0.023831275
356.86,-0.099898315
357.24,-0.099550026
357.61,-0.010805902
357.99,-0.08998456
358.36,-0.044092675
358.74,-0.112256498
359.11,-0.045402202
359.48,-0.056878173
359.86,-0.015575511
360.23,-0.031398282
360.61,-0.037159539
360.98,0.024185404
361.36,-0.109245019
361.73,-0.061988874
362.1,-0.050430115
362.48,-0.025080635
362.85,0.013107787
363.23,-0.07821927
363.6,-0.032818258
363.97,-0.062788703
364.35,-0.051122628
364.72,-0.004160924
365.1,-0.060245324
365.47,-0.008467225
365.84,-0.004988147
366.22,-0.005010651
366.59,-0.027662354
366.96,-0.022042862
367.34,-0.026467421
367.71,-0.035542509
368.09,-0.054093775
368.46,-0.049710421
368.83,-0.03840849
369.21,-0.014029731
369.58,-0.038970641
369.95,-0.021046173
370.33,-0.008278648
370.7,-0.012235869
371.07,-0.027082687
371.45,-0.017744864
371.82,-0.05293588
372.19,-0.012717682
372.57,-0.011540823
372.94,0.011230991
373.31,-0.012188977
373.69,-0.027639752
374.06,-0.035556355
374.43,-0.040669307
374.8,0.004277702
375.18,-0.015438626
375.55,0.010189149
375.92,-0.022292021
376.3,0.00064282
376.67,-0.018557893
377.04,-0.002043416
377.41,0.039061633
377.79,0.006075724
378.16,0.007547729
378.53,0.005343956
378.91,-0.006777957
379.28,0.023158628
379.65,0.005881345
380.02,0.016875658
380.4,-0.00901135
380.77,0.014949153
381.14,0.028306998
381.51,0.019247958
381.88,0.013839576
382.26,-0.0371216
382.63,-0.018215415
383,-0.009082423
383.37,0.021197924
383.75,0.038684083
384.12,-0.008997559
384.49,0.031741245
384.86,0.00194812
385.23,-0.000940907
385.61,0.022653656
385.98,0.020996882
386.35,0.025199941
386.72,0.032459363
387.09,0.028420759
387.46,0.026328517
387.84,0.011416185
388.21,0.0266213
388.58,0.038796836
388.95,0.03741533
389.32,0.025215614
389.69,0.040374949
390.07,0.030370196
390.44,0.041343428
390.81,0.029041439
391.18,0.047695655
391.55,0.042584125
391.92,0.036755327
392.29,0.035918526
392.67,0.042291487
393.04,0.045719293
393.41,0.074655744
393.78,0.033553406
394.15,0.056651214
394.52,0.046927229
394.89,0.05774197
395.26,0.042136325
395.63,0.066924019
396.01,0.050327683
396.38,0.053650883
396.75,0.056393727
397.12,0.063786878
397.49,0.045414139
397.86,0.053006548
398.23,0.061598935
398.6,0.063929145
398.97,0.063799931
399.34,0.05051886
399.71,0.063389915
400.08,0.056252504
400.45,0.059522907
400.83,0.059056533
401.2,0.053796311
401.57,0.053483592
401.94,0.060955094
402.31,0.059008187
402.68,0.065433498
403.05,0.0609371
403.42,0.066655433
403.79,0.060217614
404.16,0.056232563
404.53,0.060767524
404.9,0.054498336
405.27,0.065007675
405.64,0.060931991
406.01,0.056590933
406.38,0.056675052
406.75,0.058330212
407.12,0.055797759
407.49,0.066562154
407.86,0.066610048
408.23,0.064418992
408.6,0.063569155
408.97,0.063662543
409.34,0.060734158
409.71,0.048015146
410.08,0.064904331
410.45,0.061408515
410.81,0.062299975
411.18,0.058902704
411.55,0.061281036
411.92,0.059553324
412.29,0.063827122
412.66,0.065178426
413.03,0.063077838
413.4,0.06289514
413.77,0.057109567
414.14,0.060496256
414.51,0.067857432
414.88,0.063130363
415.25,0.064880557
415.62,0.062523905
415.98,0.06353709
416.35,0.06151454
416.72,0.057419096
417.09,0.055777037
417.46,0.065131217
417.83,0.062235869
418.2,0.058841198
418.57,0.060318297
418.94,0.063112247
419.3,0.051818255
419.67,0.058960232
420.04,0.056165256
420.41,0.056706006
420.78,0.064863069
421.15,0.053612002
421.52,0.060133891
421.88,0.059659952
422.25,0.058601692
422.62,0.056025561
422.99,0.054977108
423.36,0.059221104
423.73,0.05361593
424.09,0.059459599
424.46,0.059342623
424.83,0.061487144
425.2,0.058335528
425.57,0.056800773
425.93,0.056124687
426.3,0.055502513
426.67,0.054439997
427.04,0.061497096
427.41,0.058510616
427.77,0.060375528
428.14,0.059449317
428.51,0.061677963
428.88,0.052814001
429.24,0.060355818
429.61,0.064944841
429.98,0.056053062
430.35,0.061080206
430.72,0.058771658
431.08,0.054497372
431.45,0.063060512
431.82,0.056124768
432.18,0.058448391
432.55,0.062129022
432.92,0.062433527
433.29,0.060590664
433.65,0.065009416
434.02,0.065398129
434.39,0.061192912
434.76,0.063458399
435.12,0.063132072
435.49,0.062285126
435.86,0.066953212
436.22,0.0593208
436.59,0.061649563
436.96,0.066390737
437.32,0.064330224
437.69,0.063877066
438.06,0.068103531
438.43,0.065643224
438.79,0.066837253
439.16,0.065076487
439.53,0.06951449
439.89,0.065464466
440.26,0.066550029
440.63,0.06939354
440.99,0.067001415
441.36,0.062128404
441.72,0.068062609
442.09,0.068737397
442.46,0.071360671
442.82,0.067857607
443.19,0.072074552
443.56,0.066113192
443.92,0.068049227
444.29,0.069996785
444.66,0.072458208
445.02,0.073429651
445.39,0.065409738
445.75,0.072401561
446.12,0.069626799
446.49,0.073099018
446.85,0.072202459
447.22,0.071404108
447.58,0.073728734
447.95,0.068639839
448.31,0.066779992
448.68,0.070858746
449.05,0.068936751
449.41,0.072727493
449.78,0.070009837
450.14,0.071355937
450.51,0.069948903
450.87,0.071832876
451.24,0.070847473
451.61,0.07421454
451.97,0.071120671
452.34,0.070843358
452.7,0.073412778
453.07,0.075280563
453.43,0.068319983
453.8,0.070998411
454.16,0.06828326
454.53,0.071454366
454.89,0.077780401
455.26,0.073295172
455.62,0.073978763
455.99,0.073773981
456.35,0.072703569
456.72,0.072552778
457.08,0.071211824
457.45,0.074334767
457.81,0.069125471
458.18,0.074123255
458.54,0.073114834
458.91,0.076871056
459.27,0.07681423
459.64,0.073522541
460,0.07034062
460.36,0.075772404
460.73,0.073423575
461.09,0.075561837
461.46,0.0738917
461.82,0.072040801
462.19,0.073471922
462.55,0.067843509
462.92,0.074372874
463.28,0.075809158
463.64,0.073452405
464.01,0.073734265
464.37,0.073523047
464.74,0.078538938
465.1,0.074855293
465.46,0.073666855
465.83,0.076066661
466.19,0.073465691
466.56,0.074705061
466.92,0.076102943
467.28,0.075558038
467.65,0.069925822
468.01,0.072762045
468.38,0.07107417
468.74,0.076829994
469.1,0.07412926
469.47,0.071032572
469.83,0.077052722
470.19,0.074469777
470.56,0.073278827
470.92,0.075065858
471.28,0.073077582
471.65,0.075169792
472.01,0.074270948
472.37,0.071477273
472.74,0.075457771
473.1,0.075585064
473.46,0.075467213
473.83,0.074351745
474.19,0.07693337
474.55,0.076807424
474.92,0.076817844
475.28,0.079339676
475.64,0.077620605
476.01,0.07638047
476.37,0.074398485
476.73,0.074865156
477.09,0.077190702
477.46,0.077205201
477.82,0.078507203
478.18,0.076808513
478.54,0.07669225
478.91,0.079414211
479.27,0.076120762
479.63,0.077454304
480,0.07649606
480.36,0.077168858
480.72,0.079294889
481.08,0.080049397
481.45,0.077278559
481.81,0.077259053
482.17,0.079224175
482.53,0.079002076
482.89,0.078805402
483.26,0.07954385
483.62,0.079752135
483.98,0.080241404
484.34,0.082092482
484.7,0.077276553
485.07,0.079511349
485.43,0.081766357
485.79,0.081035325
486.15,0.079655939
486.51,0.077248358
486.88,0.078170618
487.24,0.078922857
487.6,0.080870253
487.96,0.080958374
488.32,0.079469275
488.68,0.080857545
489.05,0.081889319
489.41,0.082976844
489.77,0.08403199
490.13,0.084049367
490.49,0.084915474
490.85,0.08315517
491.21,0.083895676
491.58,0.083288347
491.94,0.082822936
492.3,0.082443932
492.66,0.08212637
493.02,0.08500488
493.38,0.083706138
493.74,0.086614983
494.1,0.085686751
494.47,0.085599209
494.83,0.087936381
495.19,0.08662788
495.55,0.084649482
495.91,0.086660025
496.27,0.086312433
496.63,0.085871047
496.99,0.088903418
497.35,0.090698017
497.71,0.087953106
498.07,0.087884916
498.43,0.086881089
498.79,0.088738952
499.15,0.091346767
499.52,0.085561336
499.88,0.090440441
500.24,0.086111651
500.6,0.085853467
500.96,0.085149211
501.32,0.086792238
501.68,0.087107184
502.04,0.087085317
502.4,0.090780221
502.76,0.088288043
503.12,0.087794432
503.48,0.089087418
503.84,0.088421787
504.2,0.088916198
504.56,0.09096635
504.92,0.09405654
505.28,0.09274954
505.64,0.089983523
506,0.092961367
506.36,0.08911341
506.72,0.093346716
507.08,0.088941054
507.44,0.091196475
507.8,0.091988223
508.15,0.092637377
508.51,0.09125335
508.87,0.092504314
509.23,0.094067993
509.59,0.093180484
509.95,0.092951727
510.31,0.091541015
510.67,0.09369306
511.03,0.093182864
511.39,0.095287502
511.75,0.092149122
512.11,0.094431553
512.47,0.092504166
512.83,0.095318314
513.18,0.093177632
513.54,0.092191365
513.9,0.089126691
514.26,0.089506955
514.62,0.093105756
514.98,0.091752945
515.34,0.091195162
515.7,0.09591714
516.05,0.092142345
516.41,0.087146014
516.77,0.085518747
517.13,0.088016194
517.49,0.085822035
517.85,0.089762598
518.21,0.086775619
518.56,0.08517802
518.92,0.087110848
519.28,0.091105983
519.64,0.089159443
520,0.093818792
520.36,0.090327752
520.71,0.090467975
521.07,0.092224665
521.43,0.092890781
521.79,0.091949281
522.15,0.092237059
522.5,0.091081228
522.86,0.091013187
523.22,0.092612944
523.58,0.092252164
523.94,0.091231366
524.29,0.093545435
524.65,0.09263351
525.01,0.090357909
525.37,0.092855328
525.72,0.089149099
526.08,0.08628727
526.44,0.08574032
526.8,0.087782487
527.15,0.085959547
527.51,0.085307346
527.87,0.090034437
528.23,0.086868403
528.58,0.086316903
528.94,0.08878054
529.3,0.086421407
529.66,0.08704576
530.01,0.088697522
530.37,0.089268195
530.73,0.088573497
531.08,0.089547435
531.44,0.087258239
531.8,0.085868254
532.15,0.086636829
532.51,0.086760643
532.87,0.085792686
533.23,0.086707624
533.58,0.083231339
533.94,0.083977687
534.3,0.08491453
534.65,0.08580038
535.01,0.084253371
535.37,0.087277974
535.72,0.087323915
536.08,0.084507176
536.43,0.082428012
536.79,0.082054045
537.15,0.084318962
537.5,0.083964831
537.86,0.084958795
538.22,0.081662664
538.57,0.081920686
538.93,0.079434164
539.29,0.081415375
539.64,0.080142388
540,0.082018285
540.35,0.078178923
540.71,0.077731652
541.07,0.076684446
541.42,0.079545081
541.78,0.080659595
542.13,0.083735566
542.49,0.080204542
542.84,0.078700003
543.2,0.07764835
543.56,0.07909731
543.91,0.080445242
544.27,0.081088343
544.62,0.082030532
544.98,0.079479581
545.33,0.078702982
545.69,0.080695057
546.04,0.079318524
546.4,0.078065677
546.75,0.078503241
547.11,0.080095149
547.47,0.080214771
547.82,0.080002056
548.18,0.080544649
548.53,0.078684045
548.89,0.078081426
549.24,0.076972299
549.6,0.080444353
549.95,0.079976446
550.31,0.079748273
550.66,0.079411927
551.02,0.079821563
551.37,0.078486537
551.72,0.075877285
552.08,0.079165948
552.43,0.078203337
552.79,0.078623793
553.14,0.077680525
553.5,0.079778001
553.85,0.079110266
554.21,0.077984809
554.56,0.076164262
554.92,0.077226947
555.27,0.077635853
555.62,0.078016273
555.98,0.079492464
556.33,0.077994602
556.69,0.076073602
557.04,0.078012337
557.4,0.075958402
557.75,0.07665935
558.1,0.07375432
558.46,0.075598815
558.81,0.075394344
559.17,0.074455313
559.52,0.073448275
559.87,0.075095382
560.23,0.076583539
560.58,0.077566279
560.93,0.0739877
561.29,0.073327753
561.64,0.073238161
561.99,0.074326871
562.35,0.07373049
562.7,0.07185973
563.06,0.072779621
563.41,0.073873263
563.76,0.07274072
564.12,0.073085524
564.47,0.072803019
564.82,0.073098321
565.18,0.070605236
565.53,0.068455723
565.88,0.068730971
566.23,0.070793815
566.59,0.067493804
566.94,0.071159163
567.29,0.066506422
567.65,0.07008399
568,0.070973432
568.35,0.067279077
568.71,0.067606974
569.06,0.068167682
569.41,0.066681977
569.76,0.065741337
570.12,0.067198293
570.47,0.06424647
570.82,0.063186048
571.17,0.065630264
571.53,0.061153327
571.88,0.063007065
572.23,0.064424127
572.58,0.060259598
572.94,0.061694555
573.29,0.06083119
573.64,0.061528408
573.99,0.061869328
574.34,0.064063018
574.7,0.061286556
575.05,0.061831276
575.4,0.058018731
575.75,0.059297536
576.11,0.057404114
576.46,0.057194159
576.81,0.055311784
577.16,0.05980593
577.51,0.057929513
577.86,0.054370728
578.22,0.057500849
578.57,0.057103412
578.92,0.05568961
579.27,0.056149003
579.62,0.051905679
579.97,0.05287764
580.33,0.053305753
580.68,0.053344606
581.03,0.052922461
581.38,0.052684797
581.73,0.051837369
582.08,0.052024513
582.43,0.050622419
582.78,0.0522416
583.14,0.052204325
583.49,0.051574551
583.84,0.049941875
584.19,0.050636895
584.54,0.050086253
584.89,0.051850059
585.24,0.049084647
585.59,0.051878595
585.94,0.050207242
586.29,0.049921058
586.65,0.049746556
587,0.047844394
587.35,0.048168558
587.7,0.050030483
588.05,0.047430075
588.4,0.048126599
588.75,0.04707898
589.1,0.04782316
589.45,0.048458091
589.8,0.042582107
590.15,0.044858218
590.5,0.04752973
590.85,0.046753017
591.2,0.047782908
591.55,0.04604244
591.9,0.049703202
592.25,0.047685691
592.6,0.05161878
592.95,0.046657538
593.3,0.047154621
593.65,0.049752843
594,0.04810087
594.35,0.048846558
594.7,0.049717795
595.05,0.048278969
595.4,0.050180028
595.75,0.050486527
596.1,0.051623594
596.45,0.049686709
596.8,0.052637054
597.15,0.051702191
597.5,0.054556272
597.85,0.049753125
598.2,0.050463244
598.55,0.056337791
598.9,0.056562278
599.24,0.055058183
599.59,0.053526411
599.94,0.05417392
600.29,0.055115078
600.64,0.057863146
600.99,0.058445059
601.34,0.057520804
601.69,0.058575747
602.04,0.058700344
602.39,0.060393532
602.73,0.060557961
603.08,0.062110457
603.43,0.062634494
603.78,0.060913393
604.13,0.059901364
604.48,0.062722246
604.83,0.066433528
605.18,0.065797986
605.52,0.066379244
605.87,0.06508328
606.22,0.070248907
606.57,0.066243049
606.92,0.066874547
607.27,0.069625294
607.61,0.071006112
607.96,0.072051586
608.31,0.069431694
608.66,0.074639839
609.01,0.076186952
609.36,0.074067835
609.7,0.075993939
610.05,0.078314222
610.4,0.074866913
610.75,0.080450971
611.1,0.078169319
611.44,0.078874494
611.79,0.078767814
612.14,0.082948094
612.49,0.083545891
612.83,0.077947616
613.18,0.081671617
613.53,0.085563561
613.88,0.083753894
614.22,0.084256734
614.57,0.086695053
614.92,0.085967523
615.27,0.086582203
615.61,0.089040324
615.96,0.090182467
616.31,0.089925086
616.66,0.090323751
617,0.092346407
617.35,0.093142618
617.7,0.095907505
618.04,0.095606752
618.39,0.094663816
618.74,0.095691091
619.08,0.097714436
619.43,0.098376687
619.78,0.097154791
620.12,0.099187455
620.47,0.099669539
620.82,0.101992261
621.16,0.102308204
621.51,0.102616866
621.86,0.101964575
622.2,0.103289732
622.55,0.106508379
622.9,0.106671887
623.24,0.10665238
623.59,0.10676162
623.94,0.108407932
624.28,0.109799458
624.63,0.108997751
624.98,0.109493264
625.32,0.112682096
625.67,0.109957739
626.01,0.111889961
626.36,0.111783359
626.71,0.113929369
627.05,0.113577503
627.4,0.115717323
627.74,0.113262264
628.09,0.115211137
628.43,0.117658188
628.78,0.119342924
629.13,0.118324283
629.47,0.117308175
629.82,0.11994336
630.16,0.119059392
630.51,0.123753873
630.85,0.12136097
631.2,0.120454353
631.54,0.122764135
631.89,0.123110059
632.24,0.126702225
632.58,0.123235709
632.93,0.124142361
633.27,0.124510218
633.62,0.125226454
633.96,0.124131429
634.31,0.130601127
634.65,0.124540498
635,0.125192813
635.34,0.125539893
635.69,0.12712343
636.03,0.12635711
636.38,0.127645986
636.72,0.130684782
637.07,0.130427291
637.41,0.126853504
637.75,0.133064452
638.1,0.136548845
638.44,0.134776759
638.79,0.133038215
639.13,0.133062066
639.48,0.131044664
639.82,0.133011255
640.17,0.138703999
640.51,0.13497823
640.85,0.130599793
641.2,0.133254245
641.54,0.136007882
641.89,0.13413899
642.23,0.139194442
642.57,0.135191751
642.92,0.135634858
643.26,0.138016993
643.61,0.134398907
643.95,0.139309338
644.29,0.135892277
644.64,0.134970224
644.98,0.13185381
645.33,0.137034267
645.67,0.134658148
646.01,0.135792902
646.36,0.13857864
646.7,0.136279099
647.04,0.136648192
647.39,0.137021429
647.73,0.138597941
648.07,0.140227837
648.42,0.141747428
648.76,0.140884956
649.1,0.136579478
649.45,0.136406716
649.79,0.136981889
650.13,0.133158964
650.48,0.130554012
650.82,0.134992888
651.16,0.137770176
651.5,0.1387786
651.85,0.13611214
652.19,0.136746391
652.53,0.138396511
652.88,0.135505075
653.22,0.132012672
653.56,0.137547623
653.9,0.132980625
654.25,0.129843451
654.59,0.135590494
654.93,0.132057285
655.27,0.132340524
655.62,0.128624388
655.96,0.130699133
656.3,0.134652292
656.64,0.131537763
656.99,0.131703988
657.33,0.127922218
657.67,0.121740216
658.01,0.125240243
658.35,0.123759476
658.7,0.121768157
659.04,0.120631712
659.38,0.119942738
659.72,0.115793756
660.06,0.120750476
660.41,0.114352466
660.75,0.116547998
661.09,0.113364574
661.43,0.113056715
661.77,0.110684064
662.11,0.111609823
662.46,0.111287847
662.8,0.105126573
663.14,0.107896764
663.48,0.101996023
663.82,0.109329161
664.16,0.103006612
664.5,0.097107603
664.85,0.099909059
665.19,0.098291901
665.53,0.097674647
665.87,0.095261118
666.21,0.098204032
666.55,0.095031946
666.89,0.101258736
667.23,0.094737145
667.57,0.096489385
667.92,0.092407226
668.26,0.092111098
668.6,0.092223018
668.94,0.094657512
669.28,0.093791551
669.62,0.087139443
669.96,0.084984628
670.3,0.089793479
670.64,0.089460378
670.98,0.090357723
671.32,0.083395772
671.66,0.08918968
672,0.088837404
672.34,0.087674642
672.68,0.088587052
673.02,0.085777031
673.36,0.08870571
673.7,0.088704876
674.04,0.086350353
674.38,0.090839875
674.72,0.084661446
675.06,0.085840597
675.4,0.083853648
675.74,0.089384467
676.08,0.086025004
676.42,0.092970632
676.76,0.086350007
677.1,0.08764454
677.44,0.084887818
677.78,0.084709094
678.12,0.090323048
678.46,0.091818658
678.8,0.087244199
679.14,0.090346921
679.48,0.093047948
679.82,0.094479417
680.16,0.095466475
680.5,0.096475303
680.84,0.09145793
681.18,0.095965645
681.51,0.091543734
681.85,0.100619835
682.19,0.09553499
682.53,0.093551922
682.87,0.097887146
683.21,0.100204571
683.55,0.101709257
683.89,0.103492145
684.23,0.103962425
684.56,0.105161165
684.9,0.10800065
685.24,0.10705848
685.58,0.109267731
685.92,0.112292826
686.26,0.123415486
686.6,0.120609203
686.93,0.123078865
687.27,0.125381207
687.61,0.119237609
687.95,0.129006548
688.29,0.140096192
688.63,0.129928478
688.96,0.133067356
689.3,0.143167718
689.64,0.138428056
689.98,0.142312704
690.32,0.154276882
690.65,0.16337819
690.99,0.170021818
691.33,0.164724386
691.67,0.167842493
692.01,0.167508184
692.34,0.18258734
692.68,0.180333198
693.02,0.181657821
693.36,0.19355589
693.69,0.192930048
694.03,0.198936292
694.37,0.206833829
694.71,0.207101755
695.04,0.214517934
695.38,0.218610225
695.72,0.228783855
696.06,0.231564791
696.39,0.22812286
696.73,0.242663196
697.07,0.249644864
697.4,0.255092474
697.74,0.248218322
698.08,0.258645667
698.42,0.258244747
698.75,0.269078369
699.09,0.279456172
699.43,0.273347898
699.76,0.287270416
700.1,0.283392397
700.44,0.293351686
700.77,0.287852427
701.11,0.299773681
701.45,0.306866086
701.78,0.316005565
702.12,0.310444076
702.45,0.325253868
702.79,0.321761672
703.13,0.331521642
703.46,0.329551214
703.8,0.332575015
704.14,0.341998651
704.47,0.341744414
704.81,0.348297857
705.14,0.348715667
705.48,0.345618964
705.82,0.369745615
706.15,0.340318833
706.49,0.359669678
706.82,0.372515781
707.16,0.377190697
707.5,0.378466534
707.83,0.378433856
708.17,0.385986184
708.5,0.372980083
708.84,0.384752484
709.17,0.389844923
709.51,0.395091202
709.84,0.381413582
710.18,0.400760931
710.52,0.390221715
710.85,0.39612874
711.19,0.38913512
711.52,0.396128055
711.86,0.408454884
712.19,0.403396536
712.53,0.40381932
712.86,0.40544056
713.2,0.415385768
713.53,0.401569469
713.87,0.415616422
714.2,0.412808245
714.54,0.413912551
714.87,0.422949017
715.21,0.418229369
715.54,0.420214984
715.88,0.415952209
716.21,0.43790766
716.54,0.430436946
716.88,0.417605259
717.21,0.431346889
717.55,0.427231303
717.88,0.432601193
718.22,0.437937967
718.55,0.434662284
718.88,0.437447916
719.22,0.429036254
719.55,0.424806311
719.89,0.434885657
720.22,0.462002359
720.56,0.439844199
720.89,0.445944304
721.22,0.44091676
721.56,0.457733476
721.89,0.445996968
722.22,0.449111875
722.56,0.460319632
722.89,0.46726237
723.23,0.440002495
723.56,0.445305913
723.89,0.469409541
724.23,0.468791447
724.56,0.469867967
724.89,0.445317539
725.23,0.450107083
725.56,0.454383242
725.89,0.445207141
726.23,0.457783929
726.56,0.467835051
726.89,0.468088617
727.23,0.459734772
727.56,0.450181872
727.89,0.487417805
728.23,0.475549108
728.56,0.481150549
728.89,0.473747995
729.22,0.466792366
729.56,0.47268598
729.89,0.475394076
730.22,0.45622468
730.55,0.47962859
730.89,0.470947714
731.22,0.462575557
731.55,0.462076512
731.89,0.47437498
732.22,0.484325625
732.55,0.491443256
732.88,0.476346231
733.21,0.491166702
733.55,0.482476748
733.88,0.467975919
734.21,0.482303534
734.54,0.488303811
734.88,0.474426156
735.21,0.483723959
735.54,0.498919754
735.87,0.490707781
736.2,0.487596997
736.54,0.488160525
736.87,0.511676611
737.2,0.48920534
737.53,0.495163134
737.86,0.478900484
738.19,0.494237464
738.53,0.488967432
738.86,0.489126892
739.19,0.494762059
739.52,0.513110677
739.85,0.513670598
740.18,0.493746322
740.51,0.508922814
740.85,0.514149184
741.18,0.503578166
741.51,0.509002868
741.84,0.526092416
742.17,0.522018712
742.5,0.502426702
742.83,0.508811126
743.16,0.498897255
743.49,0.519984086
743.82,0.534465155
744.16,0.503406265
744.49,0.517687152
744.82,0.508040516
745.15,0.512884679
745.48,0.507500536
745.81,0.510518318
746.14,0.508566329
746.47,0.532803233
746.8,0.507362878
747.13,0.511439649
747.46,0.515221668
747.79,0.498782892
748.12,0.498602602
748.45,0.512549533
748.78,0.516734692
749.11,0.525730537
749.44,0.525909902
749.77,0.520032476
750.1,0.526812073
750.43,0.512358017
750.76,0.505639755
751.09,0.518144256
751.42,0.528622568
751.75,0.533749942
752.08,0.533399119
752.41,0.533569551
752.74,0.526875721
753.07,0.542059372
753.4,0.512796763
753.73,0.521919697
754.06,0.52077721
754.39,0.519266406
754.72,0.531343047
755.05,0.529504865
755.38,0.53885644
755.71,0.5231572
756.03,0.537192515
756.36,0.52954558
756.69,0.546016488
757.02,0.534753335
757.35,0.526728518
757.68,0.528209872
758.01,0.525201522
758.34,0.531130859
758.67,0.566458084
758.99,0.559058357
759.32,0.571740896
759.65,0.539247858
759.98,0.559101569
760.31,0.54742886
760.64,0.513113222
760.97,0.526077555
761.29,0.521067492
761.62,0.521558015
761.95,0.520042483
762.28,0.511411308
762.61,0.57008659
762.94,0.526436341
763.26,0.549273837
763.59,0.575497756
763.92,0.523128911
764.25,0.534250976
764.58,0.561392216
764.9,0.55374383
765.23,0.559624989
765.56,0.546924947
765.89,0.540849687
766.22,0.530664379
766.54,0.52347046
766.87,0.538534195
767.2,0.550092515
767.53,0.544845952
767.85,0.524326094
768.18,0.523709263
768.51,0.531912834
768.84,0.548281095
769.16,0.527825534
769.49,0.574206319
769.82,0.549902011
770.15,0.534404406
770.47,0.545810967
770.8,0.558386395
771.13,0.552308887
771.45,0.545313362
771.78,0.541705222
772.11,0.542443082
772.43,0.556513979
772.76,0.56459243
773.09,0.544266054
773.41,0.528274664
773.74,0.557613031
774.07,0.558924438
774.39,0.556643473
774.72,0.549942598
775.05,0.541038622
775.37,0.537238004
775.7,0.565728837
776.03,0.555545098
776.35,0.582627457
776.68,0.541803759
777.01,0.550904859
777.33,0.581984267
777.66,0.533882378
777.98,0.552171872
778.31,0.561041853
778.64,0.542111545
778.96,0.556989632
779.29,0.558994863
779.61,0.543102273
779.94,0.555950907
780.27,0.541658646
780.59,0.553139208
780.92,0.563591231
781.24,0.548400839
781.57,0.576142793
781.89,0.570408543
782.22,0.54131143
782.54,0.565184536
782.87,0.561746703
783.19,0.588190685
783.52,0.567248377
783.85,0.538586241
784.17,0.541809169
784.5,0.557560684
784.82,0.566651939
785.15,0.543825874
785.47,0.546041261
785.8,0.533259502
786.12,0.557125551
786.45,0.583494753
786.77,0.558520645
787.1,0.545499355
787.42,0.557371578
787.74,0.561242327
788.07,0.531159413
788.39,0.563949491
788.72,0.557565055
789.04,0.570629067
789.37,0.540357744
789.69,0.55329389
790.02,0.533138537
790.34,0.5632154
790.66,0.561803699
790.99,0.569760561
791.31,0.53077355
791.64,0.572330233
791.96,0.572464217
792.29,0.539480181
792.61,0.560779992
792.93,0.557063325
793.26,0.562096007
793.58,0.557881997
793.9,0.542748216
794.23,0.563127066
794.55,0.546948385
794.88,0.561409104
795.2,0.551393708
795.52,0.561217773
795.85,0.542266696
796.17,0.559632229
796.49,0.551278138
796.82,0.549285356
797.14,0.541971558
797.46,0.570100743
797.79,0.53215665
798.11,0.575656591
798.43,0.537026204
798.76,0.543657491
799.08,0.541563971
799.4,0.537292223
799.73,0.520265486
800.05,0.541617653
800.37,0.566602125
800.69,0.541878468
801.02,0.561898645
801.34,0.549032281
801.66,0.540631081
801.98,0.538879084
802.31,0.562832588
802.63,0.52843609
802.95,0.586861018
803.27,0.544176418
803.6,0.54709266
803.92,0.557589279
804.24,0.540384684
804.56,0.545993275
804.89,0.577550922
805.21,0.525587856
805.53,0.550461561
805.85,0.561670411
806.17,0.542543358
806.5,0.558875024
806.82,0.541258077
807.14,0.557888917
807.46,0.564714434
807.78,0.566335451
808.11,0.53832358
808.43,0.527794023
808.75,0.557571624
809.07,0.552210789
809.39,0.573259345
809.71,0.571222574
810.03,0.558909242
810.36,0.553233786
810.68,0.55352591
811,0.551196313
811.32,0.541961314
811.64,0.542477274
811.96,0.580126486
812.28,0.53796195
812.6,0.51926857
812.93,0.531410342
813.25,0.53534614
813.57,0.486331428
813.89,0.517314091
814.21,0.547853395
814.53,0.569365429
814.85,0.559726451
815.17,0.519826386
815.49,0.558758697
815.81,0.546511245
816.13,0.540504887
816.45,0.569375223
816.77,0.571541865
817.09,0.547183881
817.41,0.57887802
817.73,0.540929501
818.06,0.585991546
818.38,0.575200355
818.7,0.5878992
819.02,0.57109914
819.34,0.554958804
819.66,0.536528354
819.98,0.536630239
820.3,0.549253195
820.62,0.554743359
820.94,0.56638
821.26,0.56654425
821.57,0.574213803
821.89,0.576049589
822.21,0.5444738
822.53,0.610298915
822.85,0.54813475
823.17,0.605051083
823.49,0.54971248
823.81,0.570747401
824.13,0.512833742
824.45,0.577741484
824.77,0.531185031
825.09,0.533587581
825.41,0.577601024
825.73,0.580594725
826.05,0.567208589
826.36,0.582945829
826.68,0.561675771
827,0.570794835
827.32,0.550518594
827.64,0.545936408
827.96,0.577723453
828.28,0.567826833
828.6,0.55713741
828.92,0.590250695
829.23,0.545545549
829.55,0.5494952
829.87,0.56321118
830.19,0.533418011
830.51,0.596183526
830.83,0.528815744
831.14,0.525626287
831.46,0.527164404
831.78,0.558062287
832.1,0.56101271
832.42,0.525201777
832.74,0.546329104
833.05,0.530367568
833.37,0.544212088
833.69,0.576901268
834.01,0.576617429
834.32,0.545275165
834.64,0.568192762
834.96,0.522370034
835.28,0.546512006
835.6,0.596520963
835.91,0.585717631
836.23,0.56314703
836.55,0.616719976
836.87,0.530477385
837.18,0.553751579
837.5,0.538190871
837.82,0.592253723
838.13,0.576629755
838.45,0.553515109
838.77,0.575151977
839.09,0.577571937
839.4,0.604690381
839.72,0.560597298
840.04,0.544408838
840.35,0.5375148
840.67,0.584391709
840.99,0.588854944
841.3,0.578573502
841.62,0.565332766
841.94,0.514492572
842.25,0.569470012
842.57,0.599906037
842.89,0.55662468
843.2,0.538127001
843.52,0.572547394
843.84,0.53621451
844.15,0.545603002
844.47,0.54723882
844.79,0.551934167
845.1,0.551480559
845.42,0.568764622
845.73,0.57132573
846.05,0.559080382
846.37,0.543234074
846.68,0.556639833
847,0.570799926
847.31,0.576959711
847.63,0.569284143
847.94,0.554522874
848.26,0.541107661
848.58,0.560276539
848.89,0.589439292
849.21,0.560634307
849.52,0.526272674
849.84,0.592689614
850.15,0.549118582
850.47,0.586846132
850.78,0.542344085
851.1,0.552677662
851.41,0.599558631
851.73,0.578113951
852.04,0.587330201
852.36,0.541413268
852.67,0.561470193
852.99,0.575562737
853.3,0.564290469
853.62,0.560304901
853.93,0.56998721
854.25,0.555303722
854.56,0.57336009
854.88,0.548283676
855.19,0.523030411
855.51,0.567322005
855.82,0.547592155
856.14,0.53061888
856.45,0.605618203
856.77,0.600734128
857.08,0.568620374
857.39,0.527324087
857.71,0.574862739
858.02,0.610434178
858.34,0.573949148
858.65,0.588699844
858.96,0.50593176
859.28,0.561307799
859.59,0.5680937
859.91,0.53382289
860.22,0.596326544
860.53,0.540666339
860.85,0.594641044
861.16,0.504153307
861.47,0.561573547
861.79,0.567509504
862.1,0.56659733
862.42,0.568240986
862.73,0.602606798
863.04,0.568750568
863.36,0.554937153
863.67,0.508552291
863.98,0.619933287
864.3,0.584418233
864.61,0.556334319
864.92,0.561703272
865.23,0.564453408
865.55,0.568582463
865.86,0.573629328
866.17,0.56864167
866.49,0.5315971
866.8,0.581920627
867.11,0.523893039
867.42,0.556337208
867.74,0.53164277
868.05,0.564057942
868.36,0.593148674
868.67,0.54325436
868.99,0.576110077
869.3,0.541210174
869.61,0.567867498
869.92,0.569209379
870.24,0.585398558
870.55,0.57560275
870.86,0.519959259
871.17,0.555987672
871.49,0.545878439
871.8,0.561055172
872.11,0.560612906
872.42,0.594355283
872.73,0.529938777
873.04,0.577224699
873.36,0.578279709
873.67,0.580955321
873.98,0.563692671
874.29,0.590441087
874.6,0.554799162
874.91,0.507430562
875.23,0.567891119
875.54,0.582765926
875.85,0.504887996
876.16,0.569750414
876.47,0.571946675
876.78,0.557433136
877.09,0.560706086
877.4,0.545384524
877.72,0.562475604
878.03,0.574207483
878.34,0.565868302
878.65,0.516448998
878.96,0.561462274
879.27,0.597384408
879.58,0.558716262
879.89,0.588063307
880.2,0.553326312
880.51,0.5830535
880.82,0.593986185
881.13,0.537988387
881.45,0.547519877
881.76,0.546060907
882.07,0.595280334
882.38,0.546423934
882.69,0.588060237
883,0.564828886
883.31,0.512874019
883.62,0.548516495
883.93,0.563406264
884.24,0.527167472
884.55,0.553650113
884.86,0.548714195
885.17,0.545154643
885.48,0.562069023
885.79,0.576070922
886.1,0.479368082
886.41,0.5479111
886.72,0.557856017
887.03,0.553219167
887.33,0.567554613
887.64,0.639995959
887.95,0.608573625
888.26,0.518740189
888.57,0.529891306
888.88,0.600898534
889.19,0.528978263
889.5,0.548730923
889.81,0.579477293
890.12,0.584277743
890.43,0.558218037
890.74,0.55930765
891.05,0.565084096
891.35,0.528572942
891.66,0.563235435
891.97,0.537392004
892.28,0.605072828
892.59,0.545879649
892.9,0.519771508
893.21,0.58201914
893.51,0.577374524
893.82,0.606198992
894.13,0.528902721
894.44,0.565419092
894.75,0.565978743
895.06,0.576949754
895.36,0.482495517
895.67,0.539403497
895.98,0.544702329
896.29,0.515853558
896.6,0.522465299
896.91,0.456405068
897.21,0.550470555
897.52,0.382897453
897.83,0.556306486
898.14,0.475258826
898.44,0.527800904
898.75,0.47392772
899.06,0.428815419
899.37,0.430008233
899.68,0.467742622
899.98,0.499546736
900.29,0.492567567
900.6,0.471089633
900.9,0.570018854
901.21,0.540325705
901.52,0.664174824
901.83,0.403163447
902.13,0.466152446
902.44,0.513665545
902.75,0.520218686
903.05,0.533275568
903.36,0.566637278
903.67,0.522181493
903.98,0.52365954
904.28,0.493228003
904.59,0.540502934
904.9,0.526891365
905.2,0.594887101
905.51,0.501796056
905.82,0.382726692
906.12,0.571425859
906.43,0.482416504
906.73,0.566823772
907.04,0.661617411
907.35,0.569686551
907.65,0.478267187
907.96,0.534669419
908.27,0.501078425
908.57,0.45176271
908.88,0.548096222
909.18,0.572961817
909.49,0.561451568
909.8,0.551934657
910.1,0.444165777
910.41,0.543729246
910.71,0.567734705
911.02,0.675069619
911.32,0.658743541
911.63,0.5690076
911.94,0.597196127
912.24,0.402018519
912.55,0.400701334
912.85,0.457638671
913.16,0.421979121
913.46,0.497002633
913.77,0.456046907
914.07,0.652639143
914.38,0.454144353
914.68,0.361621633
914.99,0.504055779
915.29,0.51576524
915.6,0.5892235
915.9,0.400009254
916.21,0.514196792
916.51,0.417520359
916.82,0.492083747
917.12,0.691763068
917.43,0.469642932
917.73,0.531256355
918.03,0.400812801
918.34,0.550698319
918.64,0.28304777
918.95,0.517158921
919.25,0.477393753
919.56,0.522341063
919.86,0.554992742
920.16,0.665058884
920.47,0.531034312
920.77,0.683264097
921.08,0.504650539
921.38,0.555827235
921.68,0.599503765
921.99,0.4649988
922.29,0.566496541
922.6,0.432532434
922.9,0.710097088
923.2,0.484767184
923.51,0.446092183
923.81,0.64140977
924.11,0.49032257
924.42,0.560232481
924.72,0.434355189
925.02,0.560264362
925.33,0.425899896
925.63,0.59385052
925.93,0.539147275
926.24,0.423708185
926.54,0.550976961
926.84,0.41868232
927.15,0.42140563
927.45,0.551647105
927.75,0.351992247
928.05,0.547151457
928.36,0.267355255
928.66,0.34928598
928.96,0.302129839
929.27,0.340350077
929.57,0.602774231
929.87,0.259413231
930.17,0.23430196
930.48,0.11306344
930.78,0.485057318
931.08,0.252798218
931.38,-1.624947785
931.68,-0.180852388
931.99,-7.250104442
932.29,88.27150838
932.59,-1.926892879
932.89,5.285850708
933.19,-2.725840355
933.5,-20.58023592
933.8,34.71015299
934.1,-10.35651205
934.4,1
934.7,-14.00125331
935.01,0.669756272
935.31,-0.153994431
935.61,1.923314198
935.91,0.045504601
936.21,-0.102143815
936.51,0.34073521
936.81,18.14531275
937.12,1.185624548
937.42,0.365390794
937.72,-1.379441478
938.02,2.615285751
938.32,-0.031209204
938.62,-0.159075373
938.92,0.603824735
939.22,-1.181155753
939.52,0.181811277
939.82,-0.57893811
940.13,-0.159685104
940.43,-0.089044702
940.73,-0.116746482
941.03,-0.042150805
941.33,-5.178147735
941.63,-1.421644545
941.93,-1.069219836
942.23,-0.065411804
942.53,-2.09344656
942.83,-0.499970163
943.13,-2.079421853
943.43,-0.013471409
943.73,-0.395370526
944.03,-0.764960346
944.33,-0.16883906
944.63,0.062402116
944.93,-16.98263966
945.23,67.20782123
945.53,-0.173860926
945.83,-0.692998224
946.13,-6.943108082
946.43,-0.808776557
946.73,-3.695955437
947.03,-2.589282517
947.33,-1.662001663
947.63,-0.774667775
947.93,-5.214336861
948.23,-16.25219329
948.53,-1.445652569
948.83,0.662048732
949.12,-0.500054487
949.42,-9.630098168
949.72,-1.042420077
950.02,-1.896631199
950.32,0.215410718
950.62,1.620904237
950.92,0.249686673
951.22,-0.430770022
951.52,-0.200020566
951.82,1.598263966
952.11,1.109124051
952.41,-0.435117462
952.71,1.67727681
953.01,-0.65514857
953.31,0.820850859
953.61,0.129153943
953.91,-1.425480484
954.2,-1.089312355
954.5,-2.827757078
954.8,0.142993539
955.1,-0.20001407
955.4,-2.085834315
955.69,1.882219965
955.99,-1.026068716
956.29,-1.341383901
956.59,-0.216129566
956.89,2.309002532
957.18,-1.854853488
957.48,-0.227434995
957.78,-0.317069195
958.08,-2.056425344
958.37,-0.615337653
958.67,-0.830554559
958.97,0.070492806
959.27,-3.024233204
959.56,-0.456987365
959.86,0.205883798
960.16,1.598463765
960.46,-0.663354544
960.75,-0.414983713
961.05,-0.66263605
961.35,0.051070166
961.65,-2.176771318
961.94,-2.085834315
962.24,-1.205834657
962.54,-0.71425362
962.83,0.019204199
963.13,0.174994779
963.43,-0.460237971
963.72,0.699924814
964.02,-3.070968255
964.32,-29.03680982
964.61,0.512481726
964.91,-0.459427729
965.21,-0.042150805
965.5,-0.026345296
965.8,-0.164689001
966.09,0.123904536
966.39,-2.00026386
966.69,0.579993316
966.98,-0.344830566
967.28,0.108969198
967.57,-0.007975619
967.87,-0.007440167
968.17,0.110033311
968.46,-0.054086763
968.76,0.060087868
969.05,0.158558204
969.35,0.347009913
969.65,0.523388129
969.94,-0.022003244
970.24,0.047237507
970.53,-0.236682114
970.83,0.138321888
971.12,0.10639735
971.42,0.175860697
971.71,0.022957085
972.01,0.126595932
972.3,-0.141314219
972.6,0.14886562
972.89,0.654932424
973.19,0.090399531
973.48,0.32923277
973.78,-1.426853231
974.07,-0.42105078
974.37,0.518216484
974.66,-0.441562387
974.96,-0.675399638
975.25,0.808327606
975.55,-0.863124201
975.84,-0.081384956
976.14,-0.261678448
976.43,-0.554252278
976.72,0.336066247
977.02,-0.460731427
977.31,0.024062915
977.61,0.142839352
977.9,0.399899761
978.2,-0.090964325
978.49,0.310745518
978.78,-0.363659732
979.08,-0.199992137
979.37,-0.142223562
979.67,-0.384597409
979.96,0.081623606
980.25,0.32833997
980.55,-0.640659675
980.84,0.008798316
981.13,-0.277192673
981.43,-0.248462289
981.72,0.512481726
982.01,0.302694403
982.31,-0.005060815
982.6,-0.047936583
982.89,0.6714935
983.19,0.076899814
983.48,-0.0060788
983.77,0.357134332
984.07,0.528812116
984.36,-0.055900235
984.65,0.430601742
984.95,0.228618486
985.24,-0.353609585
985.53,0.172418334
985.82,0.290165051
986.12,-0.235282554
986.41,1.964334732
986.7,0.860571754
986.99,-0.830554559
987.29,0.68266481
987.58,0.028437249
987.87,0.033894225
988.16,0.243688512
988.46,0.223488249
988.75,-0.411751491
989.04,0.475529868
989.33,0.605265472
989.62,-0.625951278
989.92,-0.1310977
990.21,0.37090602
990.5,0.048773033
990.79,0.49678393
991.08,-0.132659672
991.38,-0.645123047
991.67,-0.401445611
991.96,-0.278675054
992.25,0.972659058
992.54,0.435579033
992.83,-0.471724283
993.12,-0.21150324
993.42,1.532293707
993.71,-0.570133156
994,-0.30433519
994.29,0.747306218
994.58,-0.642087491
994.87,0.010623737
995.16,0.38356133
995.45,-0.687258553
995.74,-0.474116822
996.04,-0.52883843
996.33,-0.178602971
996.62,-0.077847666
996.91,-0.028604165
997.2,0.579279102
997.49,1
997.78,0.351969844
998.07,-0.090893309
998.36,-0.285373229
998.65,-0.285620512
998.94,0.058198728
999.23,0.432459283
999.52,-4.142175193
999.81,-0.689091913
1000.1,-0.514039124
1000.39,-0.61545185
1000.68,-0.384630215
1000.97,-0.867899548
1001.26,-0.438739671
1001.55,-0.363829572
1001.84,-6.070729573
1002.13,-2.310567357
1002.42,-29.03680982
1002.71,-0.324730561
1003,0.43744127
1003.29,-4.399565629
1003.58,0.314471214
1003.87,-2.771363101
1004.16,-1.999884762
1004.45,1.473415792
1004.74,-0.627084081
1005.03,0.657044652
1005.31,-1.233808091
1005.6,-0.476593708
1005.89,-2.428407753
1006.18,1.374926903
1006.47,4.296894133
1006.76,1.073025619
1007.05,-0.402676311
1007.34,0.759967924
1007.63,-0.597453888
1007.91,-0.499163413
1008.2,5.795725259
1008.49,8.794723366
1008.78,-1.553167287
1009.07,1.290138315
1009.36,1.95467666
1009.65,1.230314455
1009.93,-0.448399055
1010.22,-1.186514605
1010.51,-0.416042133
1010.8,31.71265647
1011.09,-1.494717959
1011.37,-0.892268933
1011.66,-0.265014159
1011.95,-6.195192522
1012.24,1.196775195
1012.53,5.091558211
1012.81,-2.103599278
1013.1,1.837534651
1013.39,-0.574994779
1013.68,-0.235204508
1013.96,3.065482169
1014.25,1.946831585
1014.54,0.261478346
1014.83,-1.11810972
1015.11,1
1015.4,2.730588815
1015.69,-62.08533185
1015.98,12.39218524
1016.26,0.43756529
1016.55,0.848069142
1016.84,0.780597137
1017.12,0.100108602
1017.41,-0.255146231
1017.7,-3.241693236
1017.98,-2.127615707
1018.27,-0.471724283
1018.56,1.042966947
1018.84,1.082210592
1019.13,2.636501747
1019.42,-1.79575664
1019.7,-0.200200479
1019.99,2.636501747
1020.28,-2.765765339
1020.56,6.039069809
1020.85,-1.718407406
1021.13,0.524336073
1021.42,1
1021.71,-2.858029604
1021.99,-8.898980899
1022.28,-0.019971263
1022.56,-0.824001711
1022.85,22.72350487
1023.14,-3.714456202
1023.42,-2.685815219
1023.71,73.22793296
1023.99,36.95994437
1024.28,0.048710913
