seagrass,ref
339.97,1.101117261
340.35,1.101117261
340.72,1.101117261
341.1,0.99644976
341.47,0.921820812
341.85,0.556707829
342.23,-0.153500129
342.6,-0.385661925
342.98,7.43690453
343.35,0.460033229
343.73,0.80199944
344.11,0.543819703
344.48,0.300091491
344.86,0.661964439
345.23,1.285196585
345.61,0.60301967
345.98,0.068335472
346.36,-0.15304032
346.73,-13.5212766
347.11,1.813987875
347.49,2.883520145
347.86,-0.019380011
348.24,0.915967461
348.61,1.47521128
348.99,-0.106622362
349.36,0.007904613
349.74,-0.010967467
350.11,-0.008811658
350.49,-0.010638946
350.86,-0.013013682
351.24,-0.011548237
351.61,-0.025514341
351.99,-0.02674193
352.36,-0.026640145
352.74,-0.015592746
353.11,-0.020131707
353.49,-0.018302569
353.86,-0.014754852
354.24,-0.011958511
354.61,-0.012989931
354.99,-0.013101074
355.36,-0.012680275
355.74,-0.00990998
356.11,-0.011155502
356.49,-0.00944044
356.86,-0.019037676
357.24,-0.020195399
357.61,-0.010018662
357.99,-0.025462386
358.36,-0.012498621
358.74,-0.01417573
359.11,-0.011918728
359.48,0.004791272
359.86,-0.000804348
360.23,-0.00167963
360.61,-0.00364097
360.98,-0.007362931
361.36,-0.009673385
361.73,-0.003226883
362.1,-0.006185472
362.48,0.002024429
362.85,-0.002941377
363.23,0.00040479
363.6,0.005187112
363.97,-0.000211817
364.35,0.006266457
364.72,0.006851657
365.1,0.005030029
365.47,0.010476588
365.84,0.009898662
366.22,0.007008222
366.59,0.00524094
366.96,0.010011896
367.34,0.010119419
367.71,0.004331858
368.09,0.008938165
368.46,0.009969912
368.83,0.009138366
369.21,0.009818763
369.58,0.014517921
369.95,0.011046408
370.33,0.012342492
370.7,0.012482669
371.07,0.007877923
371.45,0.011801386
371.82,0.010452977
372.19,0.005905532
372.57,0.006266759
372.94,0.009712594
373.31,0.009578816
373.69,0.008705973
374.06,0.011142722
374.43,0.009458105
374.8,0.007459924
375.18,0.011492844
375.55,0.0116279
375.92,0.013291008
376.3,0.014908814
376.67,0.015026315
377.04,0.013378437
377.41,0.016537256
377.79,0.011725025
378.16,0.012740663
378.53,0.015160169
378.91,0.016308689
379.28,0.014797056
379.65,0.012009383
380.02,0.015191817
380.4,0.01489267
380.77,0.01623794
381.14,0.015369511
381.51,0.011890197
381.88,0.010982004
382.26,0.012548201
382.63,0.010402678
383,0.012964605
383.37,0.009866881
383.75,0.015391936
384.12,0.012860669
384.49,0.015990399
384.86,0.016885045
385.23,0.016536275
385.61,0.016545087
385.98,0.016009094
386.35,0.014927871
386.72,0.015898831
387.09,0.016055056
387.46,0.015802326
387.84,0.015256065
388.21,0.016042873
388.58,0.016324567
388.95,0.017145909
389.32,0.019138403
389.69,0.017497231
390.07,0.017883867
390.44,0.019729681
390.81,0.019812334
391.18,0.019167082
391.55,0.019064219
391.92,0.020864511
392.29,0.019671476
392.67,0.01850354
393.04,0.017136386
393.41,0.013785911
393.78,0.014126177
394.15,0.017365292
394.52,0.018679852
394.89,0.019365907
395.26,0.01814871
395.63,0.019092018
396.01,0.020611652
396.38,0.018346162
396.75,0.018402111
397.12,0.017666116
397.49,0.019891731
397.86,0.019955704
398.23,0.020911436
398.6,0.020751538
398.97,0.021320779
399.34,0.021316727
399.71,0.021339682
400.08,0.022034728
400.45,0.021596486
400.83,0.021297021
401.2,0.020705184
401.57,0.021505885
401.94,0.021698722
402.31,0.021180558
402.68,0.020982903
403.05,0.021740312
403.42,0.022423223
403.79,0.021516625
404.16,0.021817401
404.53,0.022158305
404.9,0.021143065
405.27,0.022385741
405.64,0.021897366
406.01,0.021812088
406.38,0.022211214
406.75,0.022203077
407.12,0.02280218
407.49,0.022092781
407.86,0.021397456
408.23,0.022148081
408.6,0.022013345
408.97,0.021909929
409.34,0.021834708
409.71,0.022737931
410.08,0.021553707
410.45,0.022113395
410.81,0.021935602
411.18,0.022183449
411.55,0.022267768
411.92,0.02253903
412.29,0.02248175
412.66,0.022419493
413.03,0.022187633
413.4,0.022251792
413.77,0.022254526
414.14,0.022469897
414.51,0.021927049
414.88,0.021929629
415.25,0.022548058
415.62,0.021738085
415.98,0.022782929
416.35,0.022015133
416.72,0.022130972
417.09,0.022118764
417.46,0.021913796
417.83,0.022486303
418.2,0.022505757
418.57,0.022401926
418.94,0.022211888
419.3,0.022139333
419.67,0.022194551
420.04,0.022639292
420.41,0.022962414
420.78,0.022255052
421.15,0.022806287
421.52,0.022939137
421.88,0.022545907
422.25,0.022540763
422.62,0.022340051
422.99,0.022225883
423.36,0.021589608
423.73,0.022879326
424.09,0.022794035
424.46,0.022346437
424.83,0.022699679
425.2,0.022804101
425.57,0.022345533
425.93,0.022160059
426.3,0.022615894
426.67,0.023059157
427.04,0.022595436
427.41,0.022478662
427.77,0.022943607
428.14,0.022421592
428.51,0.022192138
428.88,0.022445378
429.24,0.022182725
429.61,0.022687163
429.98,0.022438521
430.35,0.022827803
430.72,0.022667455
431.08,0.022122782
431.45,0.022631826
431.82,0.022701731
432.18,0.022509417
432.55,0.023210546
432.92,0.022220561
433.29,0.022507154
433.65,0.022515443
434.02,0.022277316
434.39,0.022958998
434.76,0.022837588
435.12,0.022408345
435.49,0.022753521
435.86,0.022556128
436.22,0.022598859
436.59,0.022669797
436.96,0.022472837
437.32,0.023236253
437.69,0.022576775
438.06,0.022874261
438.43,0.022535696
438.79,0.022430717
439.16,0.022645787
439.53,0.022753489
439.89,0.022764613
440.26,0.022569088
440.63,0.022828914
440.99,0.022899215
441.36,0.02283204
441.72,0.022764763
442.09,0.022905847
442.46,0.022948891
442.82,0.023485278
443.19,0.023097257
443.56,0.023051819
443.92,0.022937555
444.29,0.023050829
444.66,0.022850266
445.02,0.023387771
445.39,0.022862564
445.75,0.023342201
446.12,0.023325013
446.49,0.023579271
446.85,0.023106962
447.22,0.023304119
447.58,0.023455858
447.95,0.023532489
448.31,0.023428476
448.68,0.023251689
449.05,0.023490197
449.41,0.023431983
449.78,0.023455429
450.14,0.023418771
450.51,0.023647776
450.87,0.023870587
451.24,0.023310878
451.61,0.023375367
451.97,0.023548357
452.34,0.023954195
452.7,0.023958859
453.07,0.023730126
453.43,0.023575889
453.8,0.023883262
454.16,0.023809289
454.53,0.023910381
454.89,0.024027682
455.26,0.023841325
455.62,0.024261093
455.99,0.023743642
456.35,0.023903227
456.72,0.023811735
457.08,0.024072431
457.45,0.024147047
457.81,0.024328383
458.18,0.024153518
458.54,0.024179963
458.91,0.024040059
459.27,0.023846389
459.64,0.024203813
460,0.024385878
460.36,0.023930531
460.73,0.024511192
461.09,0.024095616
461.46,0.024029316
461.82,0.023933811
462.19,0.024044111
462.55,0.024234553
462.92,0.024207133
463.28,0.024222973
463.64,0.024301604
464.01,0.024665643
464.37,0.024356604
464.74,0.024657908
465.1,0.024553873
465.46,0.024322898
465.83,0.024378585
466.19,0.023970692
466.56,0.024446573
466.92,0.024261487
467.28,0.024413218
467.65,0.024341415
468.01,0.024381556
468.38,0.024214823
468.74,0.02441445
469.1,0.024267524
469.47,0.024488549
469.83,0.024406381
470.19,0.024448579
470.56,0.024236504
470.92,0.024488807
471.28,0.024336064
471.65,0.024281869
472.01,0.024457211
472.37,0.024559153
472.74,0.024148214
473.1,0.0245154
473.46,0.024667789
473.83,0.024719479
474.19,0.024583588
474.55,0.024401383
474.92,0.024538462
475.28,0.024525751
475.64,0.024607226
476.01,0.024547791
476.37,0.024615154
476.73,0.024698437
477.09,0.024993443
477.46,0.024832376
477.82,0.024920546
478.18,0.024835265
478.54,0.024636672
478.91,0.025065329
479.27,0.024874192
479.63,0.024760546
480,0.024982416
480.36,0.024808301
480.72,0.024963243
481.08,0.024771499
481.45,0.025033962
481.81,0.024916333
482.17,0.024906142
482.53,0.025051638
482.89,0.025088219
483.26,0.025067039
483.62,0.02520083
483.98,0.024995016
484.34,0.025243205
484.7,0.025092045
485.07,0.025371223
485.43,0.025147444
485.79,0.025177758
486.15,0.025132521
486.51,0.0250862
486.88,0.025072809
487.24,0.025175788
487.6,0.025435624
487.96,0.025420035
488.32,0.025426984
488.68,0.025603082
489.05,0.025441615
489.41,0.025747113
489.77,0.025709871
490.13,0.026118601
490.49,0.025938377
490.85,0.026132094
491.21,0.025953899
491.58,0.026086865
491.94,0.026142963
492.3,0.026181527
492.66,0.026287772
493.02,0.026415866
493.38,0.026477814
493.74,0.026725453
494.1,0.026900271
494.47,0.027046694
494.83,0.027223233
495.19,0.027123837
495.55,0.027411674
495.91,0.027410838
496.27,0.027461867
496.63,0.027609217
496.99,0.027873146
497.35,0.027969497
497.71,0.027958211
498.07,0.028013863
498.43,0.027946289
498.79,0.028198011
499.15,0.028424857
499.52,0.028497974
499.88,0.02865715
500.24,0.028563059
500.6,0.028699771
500.96,0.028615496
501.32,0.028821422
501.68,0.028812592
502.04,0.029009012
502.4,0.029202308
502.76,0.029376631
503.12,0.029697955
503.48,0.029771614
503.84,0.029940224
504.2,0.029999159
504.56,0.030295852
504.92,0.030731209
505.28,0.031032271
505.64,0.031381392
506,0.031932667
506.36,0.031891121
506.72,0.031837343
507.08,0.032139737
507.44,0.032237499
507.8,0.032255095
508.15,0.032545567
508.51,0.032874643
508.87,0.03320153
509.23,0.033612921
509.59,0.033886641
509.95,0.033844014
510.31,0.034341994
510.67,0.034686453
511.03,0.034876771
511.39,0.035427406
511.75,0.03572863
512.11,0.035812121
512.47,0.0360548
512.83,0.036102498
513.18,0.036419711
513.54,0.036621251
513.9,0.036853125
514.26,0.037060159
514.62,0.037365411
514.98,0.037679159
515.34,0.038252659
515.7,0.038385781
516.05,0.038469416
516.41,0.038247648
516.77,0.038047389
517.13,0.03838631
517.49,0.038874854
517.85,0.039142797
518.21,0.039513189
518.56,0.040058018
518.92,0.040530941
519.28,0.04121058
519.64,0.041835726
520,0.042324963
520.36,0.042562009
520.71,0.043080066
521.07,0.043447007
521.43,0.043732869
521.79,0.044261695
522.15,0.044479588
522.5,0.044641617
522.86,0.044855436
523.22,0.045282224
523.58,0.045787469
523.94,0.046554676
524.29,0.046751415
524.65,0.047197858
525.01,0.047244892
525.37,0.047474405
525.72,0.047485956
526.08,0.047347767
526.44,0.047205876
526.8,0.047258993
527.15,0.047663738
527.51,0.048423676
527.87,0.048805479
528.23,0.049311751
528.58,0.049715558
528.94,0.050478788
529.3,0.050528706
529.66,0.050720281
530.01,0.05115759
530.37,0.05126976
530.73,0.051722671
531.08,0.052037886
531.44,0.051969281
531.8,0.051796445
532.15,0.051731062
532.51,0.051622776
532.87,0.051718574
533.23,0.051964203
533.58,0.052140764
533.94,0.052422547
534.3,0.052743933
534.65,0.053117228
535.01,0.053442933
535.37,0.053770611
535.72,0.053917845
536.08,0.054043946
536.43,0.053867553
536.79,0.053753117
537.15,0.053830191
537.5,0.05385853
537.86,0.054119982
538.22,0.054294076
538.57,0.054319013
538.93,0.054326062
539.29,0.054289824
539.64,0.054294487
540,0.054115589
540.35,0.05401722
540.71,0.054173029
541.07,0.05429947
541.42,0.05447394
541.78,0.054762989
542.13,0.054674302
542.49,0.054937936
542.84,0.054935772
543.2,0.055263053
543.56,0.055379277
543.91,0.055594773
544.27,0.055692573
544.62,0.056212858
544.98,0.056017351
545.33,0.056101509
545.69,0.055976343
546.04,0.056135902
546.4,0.056298818
546.75,0.056410419
547.11,0.056407371
547.47,0.056365261
547.82,0.056460244
548.18,0.056366704
548.53,0.056812021
548.89,0.056771646
549.24,0.056977585
549.6,0.057102794
549.95,0.057118803
550.31,0.057109638
550.66,0.057228986
551.02,0.057062143
551.37,0.057562447
551.72,0.057534164
552.08,0.057448675
552.43,0.057424938
552.79,0.057353616
553.14,0.057460792
553.5,0.057649532
553.85,0.057860605
554.21,0.057708961
554.56,0.057923919
554.92,0.05769379
555.27,0.057685953
555.62,0.057633063
555.98,0.057565134
556.33,0.057304821
556.69,0.057067197
557.04,0.057287433
557.4,0.057052292
557.75,0.056927754
558.1,0.056889778
558.46,0.056620702
558.81,0.056471066
559.17,0.056375157
559.52,0.056322821
559.87,0.056272472
560.23,0.056387984
560.58,0.056513442
560.93,0.056629016
561.29,0.056223096
561.64,0.056130464
561.99,0.056158451
562.35,0.056068767
562.7,0.056163865
563.06,0.055921036
563.41,0.055869997
563.76,0.055897559
564.12,0.055530162
564.47,0.055640685
564.82,0.055289217
565.18,0.054896389
565.53,0.055014209
565.88,0.054977706
566.23,0.054662704
566.59,0.054684625
566.94,0.054534369
567.29,0.054523647
567.65,0.054303718
568,0.053992921
568.35,0.053651937
568.71,0.053358074
569.06,0.053279063
569.41,0.053213063
569.76,0.053150288
570.12,0.052884055
570.47,0.05283589
570.82,0.052605217
571.17,0.052520533
571.53,0.052535502
571.88,0.052586463
572.23,0.052415598
572.58,0.052278256
572.94,0.05218955
573.29,0.052018585
573.64,0.051937407
573.99,0.052072455
574.34,0.051961882
574.7,0.051762405
575.05,0.051609087
575.4,0.051362707
575.75,0.051120255
576.11,0.051302932
576.46,0.051221238
576.81,0.051392062
577.16,0.051249467
577.51,0.051118069
577.86,0.051100679
578.22,0.051257371
578.57,0.050860575
578.92,0.051002084
579.27,0.050875371
579.62,0.05098931
579.97,0.051345002
580.33,0.050956213
580.68,0.050891216
581.03,0.051048484
581.38,0.051182947
581.73,0.051124558
582.08,0.05115584
582.43,0.051228108
582.78,0.050724906
583.14,0.050812832
583.49,0.050975538
583.84,0.050807963
584.19,0.05072988
584.54,0.050736915
584.89,0.050664871
585.24,0.050591764
585.59,0.050532254
585.94,0.05082302
586.29,0.05034006
586.65,0.050344175
587,0.050483573
587.35,0.050408951
587.7,0.050219947
588.05,0.050259314
588.4,0.050258716
588.75,0.049862893
589.1,0.04962094
589.45,0.049606867
589.8,0.049703613
590.15,0.049482763
590.5,0.04936801
590.85,0.049391049
591.2,0.049445541
591.55,0.049404553
591.9,0.049392481
592.25,0.049562827
592.6,0.049586575
592.95,0.04979384
593.3,0.049424472
593.65,0.049399504
594,0.049260371
594.35,0.049284967
594.7,0.049232379
595.05,0.049246128
595.4,0.049365381
595.75,0.04936834
596.1,0.049223806
596.45,0.048948554
596.8,0.049229569
597.15,0.049438762
597.5,0.049238917
597.85,0.049516847
598.2,0.049369354
598.55,0.049145885
598.9,0.049276678
599.24,0.049347164
599.59,0.049286131
599.94,0.049368981
600.29,0.049073917
600.64,0.049114795
600.99,0.049181225
601.34,0.049212153
601.69,0.049077209
602.04,0.048734696
602.39,0.048906983
602.73,0.048844822
603.08,0.048910056
603.43,0.048852229
603.78,0.04893404
604.13,0.0488657
604.48,0.04887475
604.83,0.048805482
605.18,0.048732806
605.52,0.048607487
605.87,0.048564985
606.22,0.048560944
606.57,0.048506487
606.92,0.048182432
607.27,0.048204063
607.61,0.048107444
607.96,0.047952523
608.31,0.048092739
608.66,0.04773414
609.01,0.047868687
609.36,0.047767079
609.7,0.047789527
610.05,0.047583566
610.4,0.047387189
610.75,0.047300049
611.1,0.047194105
611.44,0.047105508
611.79,0.046960587
612.14,0.046832846
612.49,0.047074235
612.83,0.04678042
613.18,0.046664568
613.53,0.046664765
613.88,0.04637925
614.22,0.046442257
614.57,0.046294198
614.92,0.046325236
615.27,0.046169023
615.61,0.046122366
615.96,0.046001929
616.31,0.045851467
616.66,0.045712072
617,0.045480191
617.35,0.045483943
617.7,0.045471426
618.04,0.045390698
618.39,0.04511227
618.74,0.04514838
619.08,0.045029132
619.43,0.045125866
619.78,0.044972322
620.12,0.045021514
620.47,0.04506181
620.82,0.045009589
621.16,0.044798283
621.51,0.044507324
621.86,0.044782441
622.2,0.044859318
622.55,0.044699303
622.9,0.044561135
623.24,0.044917096
623.59,0.044562124
623.94,0.044612021
624.28,0.044637505
624.63,0.04452855
624.98,0.044482982
625.32,0.044690431
625.67,0.044689838
626.01,0.044603644
626.36,0.044367286
626.71,0.044322488
627.05,0.04430763
627.4,0.044478949
627.74,0.044782431
628.09,0.044458674
628.43,0.044322812
628.78,0.044323569
629.13,0.044315986
629.47,0.044407687
629.82,0.044277857
630.16,0.044475948
630.51,0.044222861
630.85,0.044370403
631.2,0.044483167
631.54,0.044374118
631.89,0.044420525
632.24,0.044297777
632.58,0.0443666
632.93,0.044274056
633.27,0.044277814
633.62,0.044325597
633.96,0.044392974
634.31,0.043956053
634.65,0.044078742
635,0.044287599
635.34,0.043689723
635.69,0.044184
636.03,0.043991778
636.38,0.043913095
636.72,0.043672707
637.07,0.043754718
637.41,0.043614797
637.75,0.043432488
638.1,0.04326853
638.44,0.043353184
638.79,0.043273786
639.13,0.043128042
639.48,0.043158477
639.82,0.042665194
640.17,0.043082225
640.51,0.042346008
640.85,0.042287597
641.2,0.042258284
641.54,0.042001022
641.89,0.04201202
642.23,0.0415542
642.57,0.041816898
642.92,0.041535254
643.26,0.041174271
643.61,0.041001602
643.95,0.041113426
644.29,0.041018272
644.64,0.040967955
644.98,0.04086074
645.33,0.040667666
645.67,0.040271653
646.01,0.040034658
646.36,0.039874581
646.7,0.039661317
647.04,0.039277601
647.39,0.039339591
647.73,0.039252819
648.07,0.039137341
648.42,0.038786564
648.76,0.039123922
649.1,0.038734106
649.45,0.038433555
649.79,0.038546806
650.13,0.038320345
650.48,0.038216
650.82,0.038410955
651.16,0.038405689
651.5,0.038153977
651.85,0.037925251
652.19,0.038134241
652.53,0.037989307
652.88,0.037786469
653.22,0.038047383
653.56,0.037612809
653.9,0.03769935
654.25,0.037852892
654.59,0.037525632
654.93,0.0373923
655.27,0.037552781
655.62,0.037609868
655.96,0.037781408
656.3,0.037221255
656.64,0.037086523
656.99,0.037377367
657.33,0.036853836
657.67,0.03695724
658.01,0.036835703
658.35,0.036285356
658.7,0.036705795
659.04,0.03595545
659.38,0.036467699
659.72,0.036234733
660.06,0.035699667
660.41,0.03580676
660.75,0.035890341
661.09,0.035817535
661.43,0.035392567
661.77,0.035433982
662.11,0.035146018
662.46,0.035233091
662.8,0.035066255
663.14,0.034529822
663.48,0.034543666
663.82,0.034296591
664.16,0.034198206
664.5,0.033961226
664.85,0.033820331
665.19,0.033583787
665.53,0.033906911
665.87,0.033523341
666.21,0.033506379
666.55,0.033558929
666.89,0.03309589
667.23,0.033330034
667.57,0.033191379
667.92,0.03283333
668.26,0.03277651
668.6,0.03318373
668.94,0.032982305
669.28,0.032900752
669.62,0.032771603
669.96,0.032763726
670.3,0.032755468
670.64,0.032622212
670.98,0.03285429
671.32,0.032433682
671.66,0.032946963
672,0.032574433
672.34,0.032722156
672.68,0.032564831
673.02,0.032769378
673.36,0.032400482
673.7,0.03296416
674.04,0.033155296
674.38,0.032890806
674.72,0.032855498
675.06,0.032577591
675.4,0.032981928
675.74,0.033210787
676.08,0.033254607
676.42,0.03283495
676.76,0.033149733
677.1,0.033194674
677.44,0.033227214
677.78,0.033583952
678.12,0.033666059
678.46,0.033236243
678.8,0.033504129
679.14,0.034187897
679.48,0.034149003
679.82,0.034450478
680.16,0.034342303
680.5,0.034690222
680.84,0.034952639
681.18,0.034963257
681.51,0.0351593
681.85,0.035386795
682.19,0.03557955
682.53,0.036007207
682.87,0.03620208
683.21,0.036692132
683.55,0.036830584
683.89,0.036706032
684.23,0.037620697
684.56,0.03750608
684.9,0.038189814
685.24,0.038401186
685.58,0.039170786
685.92,0.039456833
686.26,0.039761405
686.6,0.041305503
686.93,0.042017345
687.27,0.042128706
687.61,0.042846451
687.95,0.043087664
688.29,0.043771552
688.63,0.043867465
688.96,0.044686468
689.3,0.045905096
689.64,0.046220873
689.98,0.047257958
690.32,0.04795831
690.65,0.048363554
690.99,0.04880686
691.33,0.049942604
691.67,0.050702156
692.01,0.051932748
692.34,0.053049756
692.68,0.054294609
693.02,0.055327226
693.36,0.056273948
693.69,0.057632209
694.03,0.059113545
694.37,0.060327
694.71,0.060863571
695.04,0.062651541
695.38,0.063273904
695.72,0.06588588
696.06,0.065995141
696.39,0.067607
696.73,0.069127427
697.07,0.069984276
697.4,0.071462564
697.74,0.072856914
698.08,0.074511424
698.42,0.075976248
698.75,0.078412443
699.09,0.079331963
699.43,0.081129286
699.76,0.082594495
700.1,0.084380603
700.44,0.086305334
700.77,0.088235547
701.11,0.089522959
701.45,0.091432369
701.78,0.092753696
702.12,0.094523148
702.45,0.096817276
702.79,0.098205859
703.13,0.100304234
703.46,0.101682008
703.8,0.103201732
704.14,0.106346411
704.47,0.106712494
704.81,0.109777312
705.14,0.111362107
705.48,0.112602219
705.82,0.114626325
706.15,0.117470578
706.49,0.118785674
706.82,0.120308434
707.16,0.122351515
707.5,0.124743137
707.83,0.126624393
708.17,0.128683592
708.5,0.130744856
708.84,0.132448406
709.17,0.134536891
709.51,0.136990376
709.84,0.138418549
710.18,0.139506614
710.52,0.142431779
710.85,0.144615966
711.19,0.146953552
711.52,0.148665276
711.86,0.151170494
712.19,0.153343542
712.53,0.155657962
712.86,0.157031414
713.2,0.159491045
713.53,0.161679254
713.87,0.163562102
714.2,0.165860874
714.54,0.16898639
714.87,0.170984082
715.21,0.173217036
715.54,0.17517282
715.88,0.177167211
716.21,0.180142179
716.54,0.182637351
716.88,0.184511227
717.21,0.186893752
717.55,0.188987264
717.88,0.191365707
718.22,0.19497103
718.55,0.197299941
718.88,0.19890288
719.22,0.204070251
719.55,0.204789151
719.89,0.207607146
720.22,0.209490799
720.56,0.210551636
720.89,0.213335775
721.22,0.214728455
721.56,0.216346934
721.89,0.21869065
722.22,0.220897118
722.56,0.222749917
722.89,0.224860987
723.23,0.227094348
723.56,0.228840307
723.89,0.232111508
724.23,0.233252864
724.56,0.236825965
724.89,0.237496382
725.23,0.240166733
725.56,0.243601742
725.89,0.245000937
726.23,0.24739202
726.56,0.249433086
726.89,0.250666506
727.23,0.252256741
727.56,0.254252298
727.89,0.257009736
728.23,0.258797281
728.56,0.260900054
728.89,0.262063308
729.22,0.263860236
729.56,0.267387181
729.89,0.266204474
730.22,0.269003175
730.55,0.27094237
730.89,0.273080825
731.22,0.275673174
731.55,0.275502277
731.89,0.277274968
732.22,0.279122641
732.55,0.281107691
732.88,0.280824619
733.21,0.282801254
733.55,0.285169442
733.88,0.286375249
734.21,0.287618713
734.54,0.289603901
734.88,0.289145402
735.21,0.292343127
735.54,0.293730843
735.87,0.295824341
736.2,0.295616337
736.54,0.297810179
736.87,0.29926165
737.2,0.299701031
737.53,0.302436046
737.86,0.301231307
738.19,0.303481214
738.53,0.306154649
738.86,0.306394042
739.19,0.306915481
739.52,0.308432698
739.85,0.309850847
740.18,0.31109987
740.51,0.314564607
740.85,0.313297653
741.18,0.316441724
741.51,0.317115944
741.84,0.317780495
742.17,0.319098852
742.5,0.320813766
742.83,0.320871826
743.16,0.323187917
743.49,0.323500883
743.82,0.325609863
744.16,0.325467103
744.49,0.32740511
744.82,0.326770466
745.15,0.329304058
745.48,0.330384386
745.81,0.330209581
746.14,0.331166269
746.47,0.332395596
746.8,0.333005829
747.13,0.335177999
747.46,0.334964858
747.79,0.335985598
748.12,0.337764016
748.45,0.338385734
748.78,0.338930518
749.11,0.339514857
749.44,0.34149578
749.77,0.34273485
750.1,0.342357657
750.43,0.343406664
750.76,0.346072234
751.09,0.345539023
751.42,0.345698137
751.75,0.347445805
752.08,0.347644515
752.41,0.349614852
752.74,0.349138384
753.07,0.350879375
753.4,0.352489033
753.73,0.351401199
754.06,0.353193024
754.39,0.353346642
754.72,0.354571401
755.05,0.35465383
755.38,0.354670466
755.71,0.355922721
756.03,0.357452448
756.36,0.355609023
756.69,0.358653377
757.02,0.358125595
757.35,0.359542477
757.68,0.361511324
758.01,0.360964183
758.34,0.361188412
758.67,0.363998012
758.99,0.36462379
759.32,0.366628572
759.65,0.370985125
759.98,0.370774243
760.31,0.369876101
760.64,0.374251122
760.97,0.371509805
761.29,0.37064743
761.62,0.370566663
761.95,0.372888853
762.28,0.374439313
762.61,0.373748727
762.94,0.372995459
763.26,0.373446177
763.59,0.37357375
763.92,0.375380354
764.25,0.374307246
764.58,0.374184178
764.9,0.3766544
765.23,0.376539344
765.56,0.377591854
765.89,0.376894787
766.22,0.377599357
766.54,0.378734672
766.87,0.379315411
767.2,0.378810124
767.53,0.379003542
767.85,0.378357405
768.18,0.37933842
768.51,0.38114343
768.84,0.380608014
769.16,0.381917959
769.49,0.381077246
769.82,0.382661219
770.15,0.382566403
770.47,0.381857232
770.8,0.385923531
771.13,0.385184318
771.45,0.386405754
771.78,0.386601972
772.11,0.38689784
772.43,0.386090234
772.76,0.389012765
773.09,0.386469648
773.41,0.388621866
773.74,0.389153363
774.07,0.389876297
774.39,0.391067289
774.72,0.391190209
775.05,0.39108654
775.37,0.392508866
775.7,0.392363246
776.03,0.392891747
776.35,0.395816765
776.68,0.394747095
777.01,0.397099543
777.33,0.392978924
777.66,0.397243736
777.98,0.396331343
778.31,0.397299239
778.64,0.396354995
778.96,0.396571299
779.29,0.397978087
779.61,0.398943795
779.94,0.397676576
780.27,0.399360657
780.59,0.399726169
780.92,0.399599499
781.24,0.400286868
781.57,0.40263622
781.89,0.40264001
782.22,0.402103683
782.54,0.402210826
782.87,0.403083917
783.19,0.40296739
783.52,0.405217007
783.85,0.40633085
784.17,0.403974813
784.5,0.406090581
784.82,0.40566367
785.15,0.40703799
785.47,0.406672852
785.8,0.407803844
786.12,0.408016627
786.45,0.406772768
786.77,0.408446322
787.1,0.409918731
787.42,0.411046153
787.74,0.409038298
788.07,0.410360398
788.39,0.411278352
788.72,0.410578133
789.04,0.410436049
789.37,0.411821184
789.69,0.412891268
790.02,0.413849894
790.34,0.410631832
790.66,0.411667714
790.99,0.411966148
791.31,0.414772387
791.64,0.412688153
791.96,0.413801857
792.29,0.416260577
792.61,0.415215751
792.93,0.418464791
793.26,0.41746023
793.58,0.416088188
793.9,0.414831373
794.23,0.41758911
794.55,0.416460932
794.88,0.415353066
795.2,0.415697131
795.52,0.416218489
795.85,0.4178925
796.17,0.421070976
796.49,0.417958658
796.82,0.419312297
797.14,0.420784321
797.46,0.417891195
797.79,0.419274036
798.11,0.419154925
798.43,0.418501713
798.76,0.419717163
799.08,0.421185369
799.4,0.418965959
799.73,0.419607188
800.05,0.422170748
800.37,0.420777335
800.69,0.419498198
801.02,0.421287547
801.34,0.420295552
801.66,0.418869236
801.98,0.422593352
802.31,0.420133365
802.63,0.418271008
802.95,0.419783978
803.27,0.419650024
803.6,0.419803234
803.92,0.420799523
804.24,0.41994915
804.56,0.42230769
804.89,0.418799644
805.21,0.420565917
805.53,0.422180013
805.85,0.423097674
806.17,0.42118553
806.5,0.424540698
806.82,0.425763925
807.14,0.423918732
807.46,0.426714496
807.78,0.426418102
808.11,0.427146125
808.43,0.426603209
808.75,0.427172104
809.07,0.428331491
809.39,0.429062762
809.71,0.427139725
810.03,0.428370786
810.36,0.431410096
810.68,0.429233696
811,0.431502327
811.32,0.429899849
811.64,0.429145933
811.96,0.431367542
812.28,0.431564286
812.6,0.433846423
812.93,0.43471791
813.25,0.433772277
813.57,0.43416804
813.89,0.435710631
814.21,0.436469029
814.53,0.436603098
814.85,0.434656279
815.17,0.439771197
815.49,0.435209149
815.81,0.434866569
816.13,0.438077912
816.45,0.4395619
816.77,0.441156626
817.09,0.4435363
817.41,0.443254087
817.73,0.441626789
818.06,0.446846367
818.38,0.445621933
818.7,0.447315395
819.02,0.444497387
819.34,0.444863415
819.66,0.448205889
819.98,0.450928744
820.3,0.452821178
820.62,0.45086028
820.94,0.453405119
821.26,0.451184065
821.57,0.4536252
821.89,0.455294307
822.21,0.454646476
822.53,0.456140997
822.85,0.453077954
823.17,0.451077962
823.49,0.456218277
823.81,0.456183787
824.13,0.459025326
824.45,0.458528076
824.77,0.462171068
825.09,0.460444567
825.41,0.464811392
825.73,0.464216843
826.05,0.462311295
826.36,0.462846242
826.68,0.464150715
827,0.463395269
827.32,0.466368349
827.64,0.463667182
827.96,0.468602792
828.28,0.472410753
828.6,0.466818709
828.92,0.466413658
829.23,0.467601669
829.55,0.46758176
829.87,0.47190341
830.19,0.473135076
830.51,0.47228817
830.83,0.471522103
831.14,0.475035458
831.46,0.475412995
831.78,0.47536261
832.1,0.471789359
832.42,0.474461797
832.74,0.474231414
833.05,0.471503619
833.37,0.478238139
833.69,0.476489096
834.01,0.476369597
834.32,0.477336908
834.64,0.479227555
834.96,0.476493847
835.28,0.475475084
835.6,0.482334518
835.91,0.481738366
836.23,0.479224812
836.55,0.480616793
836.87,0.483335447
837.18,0.482319784
837.5,0.47716167
837.82,0.483741531
838.13,0.484033955
838.45,0.481621339
838.77,0.483698827
839.09,0.483985943
839.4,0.483857396
839.72,0.484436139
840.04,0.485167975
840.35,0.485099301
840.67,0.489680243
840.99,0.486920619
841.3,0.48639098
841.62,0.485535751
841.94,0.487659556
842.25,0.490079751
842.57,0.491581364
842.89,0.488339762
843.2,0.48819764
843.52,0.489978537
843.84,0.490160556
844.15,0.487027681
844.47,0.491541253
844.79,0.489226181
845.1,0.493880253
845.42,0.491040405
845.73,0.489973915
846.05,0.489692594
846.37,0.490311078
846.68,0.494624433
847,0.492373788
847.31,0.492283983
847.63,0.495499
847.94,0.492420154
848.26,0.496232703
848.58,0.496816928
848.89,0.489123493
849.21,0.49526751
849.52,0.493654602
849.84,0.493703388
850.15,0.498538956
850.47,0.493277077
850.78,0.493990224
851.1,0.499271271
851.41,0.495004357
851.73,0.495562536
852.04,0.491755102
852.36,0.494837984
852.67,0.497604744
852.99,0.497705505
853.3,0.498085679
853.62,0.498331272
853.93,0.496767604
854.25,0.492865335
854.56,0.496910245
854.88,0.504835807
855.19,0.498401761
855.51,0.502865982
855.82,0.496496289
856.14,0.495549746
856.45,0.503102835
856.77,0.497384681
857.08,0.49793449
857.39,0.500566289
857.71,0.498817289
858.02,0.498950923
858.34,0.502243704
858.65,0.503330414
858.96,0.498876136
859.28,0.502135623
859.59,0.503720135
859.91,0.501062445
860.22,0.501914883
860.53,0.506170174
860.85,0.504958862
861.16,0.502803437
861.47,0.501454979
861.79,0.502925629
862.1,0.503979657
862.42,0.506322316
862.73,0.506881755
863.04,0.50725798
863.36,0.503283204
863.67,0.502970039
863.98,0.508153532
864.3,0.50648699
864.61,0.50515285
864.92,0.504968739
865.23,0.502492599
865.55,0.500199067
865.86,0.508125312
866.17,0.51016363
866.49,0.510497217
866.8,0.506664143
867.11,0.511251796
867.42,0.50815805
867.74,0.510896832
868.05,0.510842537
868.36,0.510225108
868.67,0.508258651
868.99,0.512181377
869.3,0.514553703
869.61,0.508483553
869.92,0.515098287
870.24,0.510214265
870.55,0.509931785
870.86,0.51639466
871.17,0.513579509
871.49,0.516935038
871.8,0.517445304
872.11,0.517134241
872.42,0.515971035
872.73,0.515639324
873.04,0.515651569
873.36,0.515107728
873.67,0.51736013
873.98,0.512051869
874.29,0.522312603
874.6,0.517839751
874.91,0.51562562
875.23,0.521921773
875.54,0.521934686
875.85,0.519063115
876.16,0.520318191
876.47,0.524629134
876.78,0.52291953
877.09,0.522702413
877.4,0.520012602
877.72,0.518903525
878.03,0.527307425
878.34,0.525063677
878.65,0.530856419
878.96,0.528206384
879.27,0.521831476
879.58,0.525026654
879.89,0.528065577
880.2,0.523687706
880.51,0.529445856
880.82,0.523323501
881.13,0.523812871
881.45,0.528511485
881.76,0.527466483
882.07,0.528803764
882.38,0.523402048
882.69,0.530178257
883,0.529694442
883.31,0.531624035
883.62,0.528334738
883.93,0.534189802
884.24,0.530603969
884.55,0.538359357
884.86,0.534384553
885.17,0.538586491
885.48,0.534870762
885.79,0.535290178
886.1,0.539064781
886.41,0.533596938
886.72,0.536452866
887.03,0.539070053
887.33,0.536333884
887.64,0.537263251
887.95,0.537681125
888.26,0.537671304
888.57,0.538501869
888.88,0.541749559
889.19,0.540554889
889.5,0.541341813
889.81,0.544536945
890.12,0.530971798
890.43,0.54300851
890.74,0.537283179
891.05,0.545926522
891.35,0.540682491
891.66,0.542461076
891.97,0.542443445
892.28,0.540912726
892.59,0.534981959
892.9,0.539779566
893.21,0.535445012
893.51,0.545105413
893.82,0.542214028
894.13,0.547142934
894.44,0.545731009
894.75,0.548994519
895.06,0.542300328
895.36,0.547993491
895.67,0.534414866
895.98,0.538445661
896.29,0.542564272
896.6,0.546220511
896.91,0.530741315
897.21,0.540083465
897.52,0.544892992
897.83,0.538432176
898.14,0.539169548
898.44,0.542691856
898.75,0.534643361
899.06,0.53468047
899.37,0.538037667
899.68,0.542898867
899.98,0.54010997
900.29,0.541545767
900.6,0.537141019
900.9,0.54300967
901.21,0.527177371
901.52,0.537765199
901.83,0.548658066
902.13,0.536345852
902.44,0.537578893
902.75,0.544043212
903.05,0.541440655
903.36,0.544935808
903.67,0.547248564
903.98,0.546992894
904.28,0.544724107
904.59,0.554991265
904.9,0.556047861
905.2,0.551592063
905.51,0.550773413
905.82,0.552808088
906.12,0.533775237
906.43,0.538292432
906.73,0.539822249
907.04,0.550270995
907.35,0.545398234
907.65,0.538234412
907.96,0.536374493
908.27,0.535922651
908.57,0.531219934
908.88,0.538812724
909.18,0.530613577
909.49,0.526688798
909.8,0.521364334
910.1,0.525538466
910.41,0.53335562
910.71,0.535624861
911.02,0.549480782
911.32,0.535439788
911.63,0.552810059
911.94,0.538988154
912.24,0.543590381
912.55,0.547792989
912.85,0.520166948
913.16,0.53648103
913.46,0.540778679
913.77,0.539868925
914.07,0.534221055
914.38,0.537625817
914.68,0.508986437
914.99,0.534276916
915.29,0.531629484
915.6,0.540466443
915.9,0.552875273
916.21,0.53836148
916.51,0.527128987
916.82,0.533084385
917.12,0.535326794
917.43,0.536073377
917.73,0.528168425
918.03,0.532884745
918.34,0.526072792
918.64,0.537848467
918.95,0.549890971
919.25,0.542345773
919.56,0.536918217
919.86,0.544631565
920.16,0.53496265
920.47,0.534647264
920.77,0.529713534
921.08,0.542486749
921.38,0.550168038
921.68,0.545780794
921.99,0.546110581
922.29,0.547303675
922.6,0.540237352
922.9,0.553902306
923.2,0.519668267
923.51,0.531893788
923.81,0.528442979
924.11,0.522612584
924.42,0.530783066
924.72,0.509243234
925.02,0.540105601
925.33,0.534856779
925.63,0.519603724
925.93,0.539378123
926.24,0.518686314
926.54,0.519814531
926.84,0.509180731
927.15,0.524946787
927.45,0.525290135
927.75,0.515933859
928.05,0.506961221
928.36,0.495616369
928.66,0.501442399
928.96,0.482222083
929.27,0.470280931
929.57,0.470968336
929.87,0.482037177
930.17,0.477356338
930.48,0.439567716
930.78,0.432025597
931.08,0.418205349
931.38,0.419941726
931.68,0.355278899
931.99,0.350484501
932.29,0.341120312
932.59,0.249351312
932.89,0.260735761
933.19,0.040068272
933.5,-0.077886558
933.8,-0.101551507
934.1,-0.235173444
934.4,0.06990971
934.7,-0.072024403
935.01,-0.162734714
935.31,-0.059298837
935.61,-0.069528115
935.91,-0.188072263
936.21,0.064230715
936.51,-0.232843647
936.81,0.048589134
937.12,-0.28374144
937.42,-0.221543388
937.72,-0.282514063
938.02,-0.08289027
938.32,0.134477741
938.62,0.223568397
938.92,0.308093185
939.22,0.34774484
939.52,0.370913581
939.82,0.419452
940.13,0.354409863
940.43,0.312313969
940.73,0.368089412
941.03,0.321328482
941.33,0.307579176
941.63,0.33815336
941.93,0.25046705
942.23,0.30008831
942.53,0.295987888
942.83,0.160803167
943.13,0.251950753
943.43,0.233687788
943.73,0.165601849
944.03,0.19747743
944.33,0.261768562
944.63,0.327625832
944.93,0.123886533
945.23,0.110542043
945.53,0.193346472
945.83,0.075602593
946.13,0.178933034
946.43,0.128944256
946.73,0.16183214
947.03,0.119229752
947.33,0.176692446
947.63,0.165824065
947.93,0.125963816
948.23,0.165753931
948.53,0.188432005
948.83,0.281713011
949.12,0.257650529
949.42,0.247250294
949.72,0.132887065
950.02,0.113097595
950.32,0.109033016
950.62,0.206754552
950.92,0.204781917
951.22,0.18215884
951.52,0.297406122
951.82,0.126100744
952.11,0.116589497
952.41,0.03201723
952.71,0.249974749
953.01,0.066163774
953.31,0.172847698
953.61,0.174797679
953.91,0.248254992
954.2,0.171273168
954.5,0.147068329
954.8,0.19253076
955.1,0.202246244
955.4,0.081383493
955.69,0.153638522
955.99,0.099271204
956.29,0.275368905
956.59,0.248767188
956.89,0.204722498
957.18,0.188619006
957.48,0.349988539
957.78,0.229852823
958.08,0.247532397
958.37,0.101395058
958.67,0.193242094
958.97,0.165854747
959.27,0.118718203
959.56,0.146132159
959.86,0.296475547
960.16,0.189516172
960.46,0.196996416
960.75,0.201244687
961.05,0.239704812
961.35,0.206984323
961.65,0.182604712
961.94,0.156231581
962.24,0.102067149
962.54,0.210482752
962.83,0.227053262
963.13,0.187300978
963.43,0.263473593
963.72,0.228478059
964.02,0.219638586
964.32,0.246338708
964.61,0.235975021
964.91,0.247284821
965.21,0.21587348
965.5,0.181192613
965.8,0.152807419
966.09,0.20224025
966.39,0.210683348
966.69,0.270077925
966.98,0.226987843
967.28,0.316780957
967.57,0.325351012
967.87,0.352147024
968.17,0.345326993
968.46,0.332283045
968.76,0.319157786
969.05,0.299899487
969.35,0.319979196
969.65,0.299237623
969.94,0.356865731
970.24,0.342040943
970.53,0.29755122
970.83,0.359278509
971.12,0.30680137
971.42,0.356794272
971.71,0.325584566
972.01,0.300037867
972.3,0.381871284
972.6,0.291950504
972.89,0.309120703
973.19,0.286308162
973.48,0.30793771
973.78,0.292071508
974.07,0.244589219
974.37,0.291931243
974.66,0.316197946
974.96,0.350191635
975.25,0.273433634
975.55,0.260629916
975.84,0.24106062
976.14,0.23695592
976.43,0.228045794
976.72,0.292937998
977.02,0.306872817
977.31,0.309055906
977.61,0.295390652
977.9,0.292774572
978.2,0.289519592
978.49,0.316903623
978.78,0.268201773
979.08,0.266524345
979.37,0.308011608
979.67,0.307196982
979.96,0.275862258
980.25,0.305799006
980.55,0.362035661
980.84,0.305277958
981.13,0.292404666
981.43,0.320616996
981.72,0.350253413
982.01,0.264291406
982.31,0.394040067
982.6,0.312794682
982.89,0.291429217
983.19,0.260107455
983.48,0.312383287
983.77,0.294432328
984.07,0.343353372
984.36,0.351472044
984.65,0.306126882
984.95,0.347291148
985.24,0.300809923
985.53,0.351072262
985.82,0.316588947
986.12,0.292748363
986.41,0.32934515
986.7,0.280957081
986.99,0.325224861
987.29,0.361162282
987.58,0.355472647
987.87,0.288474902
988.16,0.38947516
988.46,0.338313673
988.75,0.296761403
989.04,0.303517628
989.33,0.328268682
989.62,0.335331488
989.92,0.295456185
990.21,0.287695919
990.5,0.321140492
990.79,0.344716293
991.08,0.31941606
991.38,0.282830218
991.67,0.309850715
991.96,0.315804772
992.25,0.310639302
992.54,0.305894252
992.83,0.361202766
993.12,0.312712758
993.42,0.283374657
993.71,0.332909074
994,0.292442027
994.29,0.33781715
994.58,0.309056583
994.87,0.341506174
995.16,0.330432685
995.45,0.2980272
995.74,0.363921001
996.04,0.283375392
996.33,0.332810821
996.62,0.348816343
996.91,0.300729068
997.2,0.328165634
997.49,0.350034589
997.78,0.354956541
998.07,0.298813855
998.36,0.378547685
998.65,0.291881261
998.94,0.305222407
999.23,0.325337433
999.52,0.233245207
999.81,0.291866249
1000.1,0.356259287
1000.39,0.290491585
1000.68,0.316931939
1000.97,0.289301748
1001.26,0.322278585
1001.55,0.265680358
1001.84,0.261485798
1002.13,0.25267982
1002.42,0.275701173
1002.71,0.216901619
1003,0.261535853
1003.29,0.278755016
1003.58,0.287318022
1003.87,0.274025125
1004.16,0.341868368
1004.45,0.227082886
1004.74,0.239673032
1005.03,0.268704501
1005.31,0.25479854
1005.6,0.24201981
1005.89,0.249792773
1006.18,0.214962185
1006.47,0.244569543
1006.76,0.169923902
1007.05,0.255849554
1007.34,0.184325236
1007.63,0.189075478
1007.91,0.285353832
1008.2,0.25390275
1008.49,0.266509847
1008.78,0.194190351
1009.07,0.192747098
1009.36,0.17954505
1009.65,0.302522003
1009.93,0.231603276
1010.22,0.171607044
1010.51,0.154612994
1010.8,0.226545109
1011.09,0.124868453
1011.37,0.285415629
1011.66,0.234100394
1011.95,0.240490757
1012.24,0.249185621
1012.53,0.113097304
1012.81,0.229346216
1013.1,0.17756658
1013.39,0.206859749
1013.68,0.144942139
1013.96,0.209348118
1014.25,0.134991878
1014.54,0.209917165
1014.83,0.158806696
1015.11,0.064881058
1015.4,0.132380987
1015.69,0.254306144
1015.98,0.065139013
1016.26,0.180833874
1016.55,0.18212628
1016.84,0.168877814
1017.12,0.06810848
1017.41,0.133051009
1017.7,0.141127403
1017.98,0.122621503
1018.27,0.093981241
1018.56,-0.063058795
1018.84,0.171495615
1019.13,0.25681826
1019.42,0.180856881
1019.7,0.094320727
1019.99,0.157410941
1020.28,0.194657958
1020.56,0.08798122
1020.85,0.032142485
1021.13,-0.004718068
1021.42,-0.067385049
1021.71,-0.15463475
1021.99,0.065704062
1022.28,-0.11567785
1022.56,-0.144749229
1022.85,0.08700721
1023.14,-0.085940763
1023.42,0.03204204
1023.71,0.102898471
1023.99,-0.126392349
1024.28,-0.03681591
