spectrum (nm),reflectance
339.97,0.894055289
340.35,0.894055289
340.72,0.894055289
341.1,1.021310422
341.47,1.172492315
341.85,1.286261852
342.23,2.154953076
342.6,-1.710446943
342.98,-0.317476521
343.35,6.076258993
343.73,0.57688433
344.11,2.426264045
344.48,-0.067808014
344.86,0.794985125
345.23,0.073122867
345.61,2.4938328
345.98,-3.629461389
346.36,-1.440276407
346.73,0.192683305
347.11,-4.94259158
347.49,1.384907988
347.86,0.939614936
348.24,0.737028732
348.61,1.301188904
348.99,-0.099553857
349.36,0.016296106
349.74,0.00829606
350.11,0.015556258
350.49,0.019925162
350.86,0.012910075
351.24,0.009769901
351.61,0.006643733
351.99,0.004429959
352.36,-0.003445239
352.74,0.01617098
353.11,0.005147218
353.49,0.009764517
353.86,0.008278141
354.24,0.017944397
354.61,0.016111584
354.99,0.0134872
355.36,0.019052043
355.74,0.016764186
356.11,0.017748678
356.49,0.010027495
356.86,0.009224319
357.24,0.006751049
357.61,0.013128136
357.99,0.016055825
358.36,0.014331353
358.74,0.016077939
359.11,0.01339489
359.48,0.031321694
359.86,0.023354339
360.23,0.021516882
360.61,0.025375029
360.98,0.02058261
361.36,0.027750902
361.73,0.025470002
362.1,0.024008322
362.48,0.027894834
362.85,0.027327284
363.23,0.028579522
363.6,0.030673505
363.97,0.034320865
364.35,0.033153076
364.72,0.038539197
365.1,0.032421604
365.47,0.033349275
365.84,0.036270861
366.22,0.030768369
366.59,0.037371548
366.96,0.037093579
367.34,0.037904961
367.71,0.036412285
368.09,0.035293562
368.46,0.035658002
368.83,0.035637643
369.21,0.039089143
369.58,0.040721024
369.95,0.036452382
370.33,0.039644093
370.7,0.03741472
371.07,0.039952114
371.45,0.040879777
371.82,0.038221712
372.19,0.037056202
372.57,0.038584234
372.94,0.037908684
373.31,0.04084437
373.69,0.037271842
374.06,0.039056635
374.43,0.039813336
374.8,0.039942719
375.18,0.039069731
375.55,0.042221747
375.92,0.042388417
376.3,0.043255129
376.67,0.046022427
377.04,0.044157242
377.41,0.043501154
377.79,0.044342161
378.16,0.045310453
378.53,0.042920473
378.91,0.044105135
379.28,0.042924304
379.65,0.043298885
380.02,0.045756831
380.4,0.04161042
380.77,0.044241589
381.14,0.042943591
381.51,0.041406667
381.88,0.040918332
382.26,0.043781579
382.63,0.039247479
383,0.037740947
383.37,0.040349637
383.75,0.04367971
384.12,0.040948895
384.49,0.04411678
384.86,0.045514703
385.23,0.046811776
385.61,0.044345082
385.98,0.045137799
386.35,0.044229105
386.72,0.046639989
387.09,0.045875253
387.46,0.045602324
387.84,0.045729229
388.21,0.04578814
388.58,0.047351795
388.95,0.046866008
389.32,0.047306013
389.69,0.047527858
390.07,0.048164489
390.44,0.048751048
390.81,0.048139819
391.18,0.046868048
391.55,0.047830954
391.92,0.048237064
392.29,0.047401216
392.67,0.045936119
393.04,0.045807529
393.41,0.044739597
393.78,0.046059614
394.15,0.047362535
394.52,0.047813846
394.89,0.047765929
395.26,0.048285381
395.63,0.049051346
396.01,0.048265704
396.38,0.048942772
396.75,0.046928245
397.12,0.047432768
397.49,0.048587311
397.86,0.049067916
398.23,0.049162975
398.6,0.049761851
398.97,0.050116539
399.34,0.049849929
399.71,0.050095712
400.08,0.050600801
400.45,0.049293796
400.83,0.049734915
401.2,0.049200112
401.57,0.049917641
401.94,0.049217294
402.31,0.050032685
402.68,0.049526114
403.05,0.049787511
403.42,0.050083674
403.79,0.050078155
404.16,0.049735073
404.53,0.049129699
404.9,0.048962925
405.27,0.04854738
405.64,0.048495166
406.01,0.049035428
406.38,0.049061975
406.75,0.048652091
407.12,0.048407117
407.49,0.04876991
407.86,0.048257771
408.23,0.049576617
408.6,0.048807469
408.97,0.048663546
409.34,0.048781689
409.71,0.04870288
410.08,0.048654777
410.45,0.048971516
410.81,0.048252602
411.18,0.04827618
411.55,0.048835071
411.92,0.047555152
412.29,0.048429534
412.66,0.048040811
413.03,0.048689959
413.4,0.048291105
413.77,0.048769161
414.14,0.047860537
414.51,0.048316733
414.88,0.047961346
415.25,0.048242507
415.62,0.048684302
415.98,0.048001934
416.35,0.048073416
416.72,0.048198539
417.09,0.048110192
417.46,0.047604212
417.83,0.047948052
418.2,0.048153507
418.57,0.048149256
418.94,0.048505723
419.3,0.047894013
419.67,0.047911536
420.04,0.048329215
420.41,0.047928831
420.78,0.047953282
421.15,0.047862427
421.52,0.048089716
421.88,0.04806625
422.25,0.0476819
422.62,0.047948472
422.99,0.047886454
423.36,0.047391385
423.73,0.04784502
424.09,0.04764274
424.46,0.048518322
424.83,0.047514256
425.2,0.04783026
425.57,0.047541975
425.93,0.048295734
426.3,0.047679811
426.67,0.048373734
427.04,0.04791768
427.41,0.048502177
427.77,0.048082771
428.14,0.047572875
428.51,0.047946804
428.88,0.047949048
429.24,0.04775697
429.61,0.047513392
429.98,0.048035203
430.35,0.048267069
430.72,0.047992937
431.08,0.047612558
431.45,0.047705553
431.82,0.047496576
432.18,0.047973162
432.55,0.047966566
432.92,0.04774868
433.29,0.047683213
433.65,0.048210509
434.02,0.047847822
434.39,0.048082056
434.76,0.048025545
435.12,0.047745221
435.49,0.04743515
435.86,0.047417833
436.22,0.047927285
436.59,0.047780717
436.96,0.048355373
437.32,0.048678239
437.69,0.047674606
438.06,0.048367481
438.43,0.048482017
438.79,0.048350212
439.16,0.04820697
439.53,0.048057335
439.89,0.047778076
440.26,0.048191008
440.63,0.048462342
440.99,0.048543942
441.36,0.048445261
441.72,0.04806608
442.09,0.048297048
442.46,0.047976212
442.82,0.048474427
443.19,0.048809975
443.56,0.048835199
443.92,0.048716222
444.29,0.048967831
444.66,0.048977011
445.02,0.048680122
445.39,0.048881823
445.75,0.048881008
446.12,0.049413451
446.49,0.048921406
446.85,0.049037943
447.22,0.049129666
447.58,0.048909493
447.95,0.048803755
448.31,0.049325032
448.68,0.048912097
449.05,0.049315966
449.41,0.04943278
449.78,0.049247952
450.14,0.049155331
450.51,0.04914309
450.87,0.049374083
451.24,0.049196173
451.61,0.049396268
451.97,0.049114918
452.34,0.049678567
452.7,0.049908947
453.07,0.049586935
453.43,0.049443687
453.8,0.049560711
454.16,0.04929757
454.53,0.049410327
454.89,0.049299033
455.26,0.049884821
455.62,0.049500962
455.99,0.049626519
456.35,0.049328315
456.72,0.049560474
457.08,0.04948046
457.45,0.049523251
457.81,0.04946221
458.18,0.049699179
458.54,0.049555177
458.91,0.049388243
459.27,0.049657152
459.64,0.049469028
460,0.050275901
460.36,0.049562596
460.73,0.049565178
461.09,0.049462522
461.46,0.04975535
461.82,0.049619019
462.19,0.049454678
462.55,0.049560487
462.92,0.049629382
463.28,0.049726184
463.64,0.049541051
464.01,0.049934175
464.37,0.04973067
464.74,0.049821419
465.1,0.049666182
465.46,0.050081019
465.83,0.04970003
466.19,0.049646527
466.56,0.049728349
466.92,0.049815482
467.28,0.049818569
467.65,0.050167186
468.01,0.049902317
468.38,0.049912389
468.74,0.049971858
469.1,0.05002584
469.47,0.050183113
469.83,0.049911952
470.19,0.050023827
470.56,0.050208947
470.92,0.050409521
471.28,0.050215936
471.65,0.050266622
472.01,0.050267013
472.37,0.050282309
472.74,0.050681504
473.1,0.050281837
473.46,0.050327975
473.83,0.050569364
474.19,0.05066433
474.55,0.050921519
474.92,0.050905197
475.28,0.050917364
475.64,0.051237444
476.01,0.050999903
476.37,0.050930182
476.73,0.05130787
477.09,0.051722822
477.46,0.05158414
477.82,0.051613619
478.18,0.051522801
478.54,0.051607664
478.91,0.051907236
479.27,0.051849507
479.63,0.051903022
480,0.052401636
480.36,0.052257728
480.72,0.052226753
481.08,0.052481219
481.45,0.052666127
481.81,0.052520075
482.17,0.052580061
482.53,0.052740904
482.89,0.053020526
483.26,0.052828432
483.62,0.05315061
483.98,0.052859179
484.34,0.053307465
484.7,0.053389252
485.07,0.053618171
485.43,0.053332808
485.79,0.053280989
486.15,0.053273131
486.51,0.053068558
486.88,0.053597958
487.24,0.053401423
487.6,0.053663997
487.96,0.053899229
488.32,0.054183065
488.68,0.054355175
489.05,0.05452276
489.41,0.054783561
489.77,0.055130842
490.13,0.055416221
490.49,0.05536952
490.85,0.055448359
491.21,0.055400757
491.58,0.055069391
491.94,0.055153838
492.3,0.055268012
492.66,0.05544787
493.02,0.055992169
493.38,0.05611626
493.74,0.056413353
494.1,0.056713665
494.47,0.057288945
494.83,0.05747025
495.19,0.057442798
495.55,0.057547081
495.91,0.057660229
496.27,0.057797186
496.63,0.058173381
496.99,0.058420196
497.35,0.05852186
497.71,0.058348975
498.07,0.057944478
498.43,0.058166961
498.79,0.058327142
499.15,0.058594191
499.52,0.058709462
499.88,0.058567767
500.24,0.0586717
500.6,0.058623511
500.96,0.058624572
501.32,0.058334098
501.68,0.058424041
502.04,0.058612678
502.4,0.058858617
502.76,0.059236373
503.12,0.059462812
503.48,0.059262681
503.84,0.058976501
504.2,0.059260889
504.56,0.059805855
504.92,0.060385809
505.28,0.060711688
505.64,0.061595571
506,0.061864584
506.36,0.06156146
506.72,0.061858785
507.08,0.061933271
507.44,0.061468397
507.8,0.061299381
508.15,0.061381314
508.51,0.062190987
508.87,0.062606528
509.23,0.063054813
509.59,0.063147934
509.95,0.063062842
510.31,0.062852353
510.67,0.063523433
511.03,0.063634416
511.39,0.064265975
511.75,0.064472822
512.11,0.064056957
512.47,0.064143649
512.83,0.063779756
513.18,0.063808653
513.54,0.063973635
513.9,0.063859276
514.26,0.06404856
514.62,0.064041213
514.98,0.064231708
515.34,0.064683309
515.7,0.064345149
516.05,0.064028567
516.41,0.063289653
516.77,0.062515943
517.13,0.062194786
517.49,0.06258804
517.85,0.062781778
518.21,0.062996649
518.56,0.063209266
518.92,0.06389299
519.28,0.064543302
519.64,0.065354074
520,0.065745745
520.36,0.065729851
520.71,0.065659812
521.07,0.066145089
521.43,0.066482328
521.79,0.066572916
522.15,0.066683318
522.5,0.066504177
522.86,0.066242698
523.22,0.066740813
523.58,0.067130169
523.94,0.067672825
524.29,0.067921183
524.65,0.067907458
525.01,0.068078484
525.37,0.067897606
525.72,0.067400643
526.08,0.066851895
526.44,0.065989541
526.8,0.065812117
527.15,0.066234627
527.51,0.066723132
527.87,0.067345715
528.23,0.067847662
528.58,0.068494852
528.94,0.068973593
529.3,0.068884353
529.66,0.068962241
530.01,0.068998545
530.37,0.069516428
530.73,0.069733587
531.08,0.069915514
531.44,0.069680466
531.8,0.06951766
532.15,0.069029595
532.51,0.068641773
532.87,0.068693329
533.23,0.068909963
533.58,0.069141386
533.94,0.069460273
534.3,0.069870397
534.65,0.070196554
535.01,0.070325269
535.37,0.071157797
535.72,0.071143379
536.08,0.071074319
536.43,0.070741771
536.79,0.070503507
537.15,0.070767784
537.5,0.070797817
537.86,0.071147771
538.22,0.071456689
538.57,0.07150457
538.93,0.071358343
539.29,0.07105478
539.64,0.071428801
540,0.070944359
540.35,0.070851271
540.71,0.071045417
541.07,0.071094809
541.42,0.071759678
541.78,0.072238705
542.13,0.072561548
542.49,0.072829576
542.84,0.072643868
543.2,0.073066272
543.56,0.073710233
543.91,0.073899047
544.27,0.074496094
544.62,0.074746811
544.98,0.07484738
545.33,0.075165531
545.69,0.074892783
546.04,0.075408466
546.4,0.075631336
546.75,0.075959035
547.11,0.076098023
547.47,0.076361269
547.82,0.076430396
548.18,0.07711784
548.53,0.07745606
548.89,0.077781531
549.24,0.078341096
549.6,0.078696479
549.95,0.078836119
550.31,0.079164944
550.66,0.079561776
551.02,0.079876475
551.37,0.080447845
551.72,0.080876064
552.08,0.081045326
552.43,0.081030368
552.79,0.081508652
553.14,0.082053223
553.5,0.082632494
553.85,0.082877515
554.21,0.08358552
554.56,0.084070688
554.92,0.084564698
555.27,0.084950802
555.62,0.085423744
555.98,0.085851652
556.33,0.085770626
556.69,0.085818741
557.04,0.086094555
557.4,0.087015523
557.75,0.087015974
558.1,0.087436931
558.46,0.08737015
558.81,0.087598809
559.17,0.088108429
559.52,0.088740119
559.87,0.08932463
560.23,0.090190998
560.58,0.090753966
560.93,0.09136601
561.29,0.091819113
561.64,0.092143768
561.99,0.092690811
562.35,0.093381156
562.7,0.093932091
563.06,0.094469298
563.41,0.094996651
563.76,0.095297198
564.12,0.095656321
564.47,0.096125009
564.82,0.096714615
565.18,0.096520939
565.53,0.0972246
565.88,0.0973453
566.23,0.097907377
566.59,0.098346475
566.94,0.098956951
567.29,0.099620955
567.65,0.099680483
568,0.099631149
568.35,0.099560749
568.71,0.0998147
569.06,0.10029334
569.41,0.100891713
569.76,0.10101775
570.12,0.101254357
570.47,0.101330757
570.82,0.101672324
571.17,0.10194404
571.53,0.102235559
571.88,0.102829834
572.23,0.103165898
572.58,0.103207619
572.94,0.103515134
573.29,0.103913911
573.64,0.103831683
573.99,0.103800055
574.34,0.104320573
574.7,0.104123239
575.05,0.103954089
575.4,0.104219125
575.75,0.104255568
576.11,0.104485461
576.46,0.104031164
576.81,0.104302076
577.16,0.104165854
577.51,0.104355549
577.86,0.104280862
578.22,0.10426405
578.57,0.104387937
578.92,0.104316532
579.27,0.104139617
579.62,0.104234657
579.97,0.10429965
580.33,0.10427741
580.68,0.10437056
581.03,0.104163718
581.38,0.104249488
581.73,0.104063268
582.08,0.104007865
582.43,0.103934688
582.78,0.10373874
583.14,0.103809006
583.49,0.10352488
583.84,0.103372
584.19,0.103169971
584.54,0.103194136
584.89,0.102761108
585.24,0.102320067
585.59,0.102224732
585.94,0.10212823
586.29,0.101691089
586.65,0.101673881
587,0.101277832
587.35,0.101152635
587.7,0.100785037
588.05,0.100612422
588.4,0.100485649
588.75,0.10002197
589.1,0.09978877
589.45,0.099718273
589.8,0.099452665
590.15,0.099442106
590.5,0.099826269
590.85,0.099968961
591.2,0.100031031
591.55,0.100124568
591.9,0.100033344
592.25,0.100135139
592.6,0.100285812
592.95,0.100678714
593.3,0.101230628
593.65,0.1012063
594,0.101123236
594.35,0.101409082
594.7,0.101761602
595.05,0.102051086
595.4,0.102632935
595.75,0.103103218
596.1,0.103378283
596.45,0.103787078
596.8,0.103728216
597.15,0.10427638
597.5,0.104722665
597.85,0.105137161
598.2,0.105727375
598.55,0.106084989
598.9,0.106454455
599.24,0.107153352
599.59,0.107399363
599.94,0.107849219
600.29,0.108227053
600.64,0.108646058
600.99,0.1091992
601.34,0.109474557
601.69,0.109800892
602.04,0.109895592
602.39,0.110068916
602.73,0.110428003
603.08,0.11060174
603.43,0.110935347
603.78,0.111216174
604.13,0.111249351
604.48,0.111429106
604.83,0.11138145
605.18,0.111394524
605.52,0.111199594
605.87,0.111473543
606.22,0.110973216
606.57,0.110672209
606.92,0.110669262
607.27,0.110191709
607.61,0.110127646
607.96,0.109590106
608.31,0.109873341
608.66,0.109288925
609.01,0.108724989
609.36,0.108720035
609.7,0.10829639
610.05,0.107718788
610.4,0.107370559
610.75,0.107313074
611.1,0.106709726
611.44,0.10639072
611.79,0.10605929
612.14,0.105554936
612.49,0.105296147
612.83,0.104686422
613.18,0.10418265
613.53,0.103746327
613.88,0.102896393
614.22,0.102605054
614.57,0.102243547
614.92,0.101987197
615.27,0.101338097
615.61,0.101313821
615.96,0.100774513
616.31,0.10025554
616.66,0.100008839
617,0.099475716
617.35,0.099190787
617.7,0.098750298
618.04,0.098754535
618.39,0.098217334
618.74,0.097875536
619.08,0.09775042
619.43,0.097454663
619.78,0.096861521
620.12,0.096759922
620.47,0.096708333
620.82,0.096392092
621.16,0.096004229
621.51,0.095870636
621.86,0.095702364
622.2,0.095591766
622.55,0.095250074
622.9,0.094848221
623.24,0.095333924
623.59,0.094690558
623.94,0.094498427
624.28,0.094408825
624.63,0.094466201
624.98,0.094003504
625.32,0.094231819
625.67,0.094023045
626.01,0.093417612
626.36,0.093462005
626.71,0.09341822
627.05,0.093124033
627.4,0.092866193
627.74,0.09315772
628.09,0.092382456
628.43,0.092340856
628.78,0.092530846
629.13,0.09179545
629.47,0.091510378
629.82,0.091545366
630.16,0.09166615
630.51,0.091464037
630.85,0.091006621
631.2,0.091176467
631.54,0.090739592
631.89,0.090561719
632.24,0.090329452
632.58,0.0904769
632.93,0.090219168
633.27,0.089966657
633.62,0.089711632
633.96,0.089828611
634.31,0.089407872
634.65,0.089639097
635,0.089431043
635.34,0.089335817
635.69,0.089901994
636.03,0.089074594
636.38,0.089080071
636.72,0.089166912
637.07,0.089098498
637.41,0.089268525
637.75,0.089619156
638.1,0.089003963
638.44,0.088944702
638.79,0.089055425
639.13,0.089012185
639.48,0.088937915
639.82,0.089317466
640.17,0.088810402
640.51,0.088874012
640.85,0.089247612
641.2,0.08885147
641.54,0.088963151
641.89,0.088418911
642.23,0.088565656
642.57,0.088633349
642.92,0.08831751
643.26,0.088279918
643.61,0.088315332
643.95,0.088147505
644.29,0.088047389
644.64,0.088249233
644.98,0.088227417
645.33,0.087723266
645.67,0.08801096
646.01,0.087219427
646.36,0.087732652
646.7,0.087279064
647.04,0.08725762
647.39,0.087127159
647.73,0.086891716
648.07,0.087271602
648.42,0.086667955
648.76,0.086938999
649.1,0.086829396
649.45,0.086786355
649.79,0.086660117
650.13,0.086947263
650.48,0.08635659
650.82,0.086472032
651.16,0.086100156
651.5,0.085845737
651.85,0.086104308
652.19,0.085598851
652.53,0.085232007
652.88,0.08506038
653.22,0.084726532
653.56,0.084701188
653.9,0.084166474
654.25,0.083747108
654.59,0.083244802
654.93,0.083624665
655.27,0.082856555
655.62,0.082632284
655.96,0.082050958
656.3,0.081053423
656.64,0.079777194
656.99,0.078993446
657.33,0.078231284
657.67,0.077061222
658.01,0.076987697
658.35,0.076193415
658.7,0.074851203
659.04,0.074549495
659.38,0.07356456
659.72,0.072556714
660.06,0.071899617
660.41,0.071180283
660.75,0.070595436
661.09,0.069719655
661.43,0.068941627
661.77,0.068402883
662.11,0.067679845
662.46,0.066999947
662.8,0.066467906
663.14,0.065721044
663.48,0.065018336
663.82,0.064256444
664.16,0.063729691
664.5,0.062727436
664.85,0.062849177
665.19,0.062175558
665.53,0.061880019
665.87,0.061425914
666.21,0.061115564
666.55,0.060366063
666.89,0.060090927
667.23,0.059683366
667.57,0.059609556
667.92,0.059379785
668.26,0.059244992
668.6,0.059367798
668.94,0.058874827
669.28,0.058630274
669.62,0.058628369
669.96,0.058532357
670.3,0.058226531
670.64,0.058470738
670.98,0.058504885
671.32,0.058778323
671.66,0.058556775
672,0.058625936
672.34,0.058524244
672.68,0.058409306
673.02,0.058669758
673.36,0.058744909
673.7,0.059215652
674.04,0.059050202
674.38,0.058957833
674.72,0.059425134
675.06,0.059888033
675.4,0.06034276
675.74,0.060021568
676.08,0.060267895
676.42,0.060501566
676.76,0.060784141
677.1,0.061088987
677.44,0.061461317
677.78,0.061829799
678.12,0.062249714
678.46,0.062340527
678.8,0.062912894
679.14,0.063222105
679.48,0.063690223
679.82,0.063869963
680.16,0.064491024
680.5,0.064821614
680.84,0.065670742
681.18,0.066145264
681.51,0.066618532
681.85,0.067363096
682.19,0.067472394
682.53,0.068626784
682.87,0.069245846
683.21,0.069866192
683.55,0.071056237
683.89,0.071791155
684.23,0.072698934
684.56,0.073587523
684.9,0.074575058
685.24,0.075905963
685.58,0.077032434
685.92,0.079336916
686.26,0.080875669
686.6,0.083565043
686.93,0.085912586
687.27,0.08690749
687.61,0.088541133
687.95,0.089694084
688.29,0.092210222
688.63,0.094867276
688.96,0.097235109
689.3,0.099146513
689.64,0.10218131
689.98,0.103570158
690.32,0.106701455
690.65,0.110032301
690.99,0.112597651
691.33,0.115864939
691.67,0.118989037
692.01,0.122600449
692.34,0.126654312
692.68,0.130991634
693.02,0.135521434
693.36,0.139736368
693.69,0.144386922
694.03,0.148752402
694.37,0.153937823
694.71,0.158723206
695.04,0.163787339
695.38,0.168109018
695.72,0.17332648
696.06,0.178827426
696.39,0.184252521
696.73,0.188854612
697.07,0.193791218
697.4,0.200382608
697.74,0.205052277
698.08,0.21142561
698.42,0.216485201
698.75,0.222284914
699.09,0.227106891
699.43,0.233463439
699.76,0.23991392
700.1,0.245612901
700.44,0.251396071
700.77,0.256586948
701.11,0.26250803
701.45,0.267995697
701.78,0.274309484
702.12,0.281339454
702.45,0.285139086
702.79,0.290611098
703.13,0.294334622
703.46,0.30087419
703.8,0.306373314
704.14,0.310390187
704.47,0.315967781
704.81,0.320352613
705.14,0.324501933
705.48,0.328080069
705.82,0.335017525
706.15,0.339041057
706.49,0.343871294
706.82,0.348796569
707.16,0.353374822
707.5,0.356737595
707.83,0.359692776
708.17,0.365621736
708.5,0.367481342
708.84,0.373115608
709.17,0.376096328
709.51,0.378941734
709.84,0.38362752
710.18,0.38647893
710.52,0.391458516
710.85,0.395389009
711.19,0.398022244
711.52,0.401908968
711.86,0.404137558
712.19,0.407258399
712.53,0.410388711
712.86,0.414141837
713.2,0.417695727
713.53,0.419408633
713.87,0.423134829
714.2,0.426213271
714.54,0.428693107
714.87,0.431684467
715.21,0.434492404
715.54,0.43711107
715.88,0.439609896
716.21,0.442937716
716.54,0.447468348
716.88,0.451673714
717.21,0.453873693
717.55,0.458050805
717.88,0.460368839
718.22,0.464093354
718.55,0.466798227
718.88,0.470297005
719.22,0.474008116
719.55,0.477383436
719.89,0.479075944
720.22,0.479106692
720.56,0.478557991
720.89,0.480633315
721.22,0.484220628
721.56,0.487338091
721.89,0.48855581
722.22,0.489844382
722.56,0.490689951
722.89,0.495422928
723.23,0.496241127
723.56,0.499090308
723.89,0.500566097
724.23,0.503824791
724.56,0.509406205
724.89,0.510931001
725.23,0.51308124
725.56,0.514354569
725.89,0.517074902
726.23,0.517714663
726.56,0.519911752
726.89,0.521263722
727.23,0.524289935
727.56,0.526872347
727.89,0.529614248
728.23,0.531104135
728.56,0.535917655
728.89,0.53393812
729.22,0.538625787
729.56,0.53969559
729.89,0.541861406
730.22,0.544243915
730.55,0.545183443
730.89,0.547949227
731.22,0.55060114
731.55,0.551380684
731.89,0.554268494
732.22,0.553195472
732.55,0.556694567
732.88,0.557420428
733.21,0.558711878
733.55,0.558489147
733.88,0.563451937
734.21,0.563047636
734.54,0.565438719
734.88,0.568123848
735.21,0.569113861
735.54,0.572538104
735.87,0.573498426
736.2,0.574767976
736.54,0.57517011
736.87,0.579422508
737.2,0.580857227
737.53,0.582792035
737.86,0.586255488
738.19,0.585145085
738.53,0.586058088
738.86,0.591287481
739.19,0.590374907
739.52,0.593761868
739.85,0.593667672
740.18,0.598637002
740.51,0.599898258
740.85,0.600119566
741.18,0.60229613
741.51,0.602792376
741.84,0.605997466
742.17,0.604093482
742.5,0.606084287
742.83,0.609022934
743.16,0.611949085
743.49,0.611467828
743.82,0.613551265
744.16,0.614788302
744.49,0.61825345
744.82,0.61712098
745.15,0.621165394
745.48,0.620179566
745.81,0.622200191
746.14,0.623328714
746.47,0.622696261
746.8,0.624796802
747.13,0.629700162
747.46,0.626677024
747.79,0.630273703
748.12,0.630838164
748.45,0.631759287
748.78,0.633277361
749.11,0.632096226
749.44,0.635153981
749.77,0.636259986
750.1,0.63821047
750.43,0.638764142
750.76,0.63992834
751.09,0.64324313
751.42,0.644511002
751.75,0.641497514
752.08,0.646887636
752.41,0.646075846
752.74,0.647611856
753.07,0.646329763
753.4,0.648722338
753.73,0.649395181
754.06,0.648543451
754.39,0.650355825
754.72,0.652414443
755.05,0.653167023
755.38,0.654573443
755.71,0.656215716
756.03,0.653666745
756.36,0.655918996
756.69,0.658216073
757.02,0.656102133
757.35,0.658702361
757.68,0.660856798
758.01,0.658877442
758.34,0.660551314
758.67,0.66370086
758.99,0.664898864
759.32,0.664902454
759.65,0.669930703
759.98,0.67257058
760.31,0.675595529
760.64,0.676464149
760.97,0.670260911
761.29,0.670215807
761.62,0.672792337
761.95,0.670846111
762.28,0.66825291
762.61,0.672493108
762.94,0.675170663
763.26,0.669875677
763.59,0.669955724
763.92,0.673224463
764.25,0.673182417
764.58,0.672848012
764.9,0.672507931
765.23,0.675165018
765.56,0.673026587
765.89,0.676259798
766.22,0.67730702
766.54,0.67715596
766.87,0.675732841
767.2,0.676052199
767.53,0.676774233
767.85,0.676132688
768.18,0.675096179
768.51,0.677013366
768.84,0.679888461
769.16,0.680352756
769.49,0.681286576
769.82,0.677414946
770.15,0.680478363
770.47,0.68329904
770.8,0.680197419
771.13,0.68234494
771.45,0.683694843
771.78,0.680763005
772.11,0.685950434
772.43,0.68386026
772.76,0.682999303
773.09,0.682288322
773.41,0.686947261
773.74,0.684251591
774.07,0.684668032
774.39,0.68768778
774.72,0.685023794
775.05,0.687703488
775.37,0.687561268
775.7,0.68646057
776.03,0.687029089
776.35,0.686712633
776.68,0.689686902
777.01,0.690431246
777.33,0.689497905
777.66,0.690128739
777.98,0.689521566
778.31,0.692030566
778.64,0.692900815
778.96,0.692220837
779.29,0.691569469
779.61,0.691178822
779.94,0.691256512
780.27,0.691077753
780.59,0.693907791
780.92,0.695339455
781.24,0.693536078
781.57,0.692557898
781.89,0.693686919
782.22,0.692881311
782.54,0.691956627
782.87,0.695184044
783.19,0.696552122
783.52,0.69284442
783.85,0.696396503
784.17,0.697155666
784.5,0.694759857
784.82,0.694529285
785.15,0.69549197
785.47,0.696340833
785.8,0.692074578
786.12,0.695227988
786.45,0.698486635
786.77,0.696929182
787.1,0.698276003
787.42,0.695669791
787.74,0.697912562
788.07,0.701266685
788.39,0.700366657
788.72,0.699459795
789.04,0.700249332
789.37,0.695271565
789.69,0.699373179
790.02,0.699110341
790.34,0.697560359
790.66,0.696287686
790.99,0.69929005
791.31,0.700004621
791.64,0.700865204
791.96,0.700185058
792.29,0.69863835
792.61,0.699584306
792.93,0.699003726
793.26,0.701983945
793.58,0.703246542
793.9,0.703659014
794.23,0.698970396
794.55,0.700568225
794.88,0.702587369
795.2,0.702180259
795.52,0.701040624
795.85,0.699639462
796.17,0.700160993
796.49,0.705254284
796.82,0.702513642
797.14,0.70177933
797.46,0.703680647
797.79,0.699977401
798.11,0.705681599
798.43,0.707011944
798.76,0.70418109
799.08,0.702807112
799.4,0.70326181
799.73,0.705393269
800.05,0.704411579
800.37,0.704154859
800.69,0.706740029
801.02,0.704860748
801.34,0.706825015
801.66,0.704730106
801.98,0.703484796
802.31,0.705614231
802.63,0.700591634
802.95,0.704337853
803.27,0.708543124
803.6,0.702817613
803.92,0.707469267
804.24,0.707210848
804.56,0.70542736
804.89,0.710455992
805.21,0.704336565
805.53,0.704722025
805.85,0.707764797
806.17,0.704157531
806.5,0.70937749
806.82,0.706257543
807.14,0.705589
807.46,0.712407071
807.78,0.707684747
808.11,0.707068989
808.43,0.705736266
808.75,0.703841535
809.07,0.710433519
809.39,0.711663961
809.71,0.706924173
810.03,0.710780239
810.36,0.709709431
810.68,0.708387647
811,0.701895144
811.32,0.705882319
811.64,0.707459759
811.96,0.710879736
812.28,0.708263392
812.6,0.706198015
812.93,0.706290462
813.25,0.706977811
813.57,0.708459242
813.89,0.701291812
814.21,0.70632454
814.53,0.703566224
814.85,0.702792733
815.17,0.703294286
815.49,0.705218292
815.81,0.701141752
816.13,0.701463093
816.45,0.708037132
816.77,0.702991565
817.09,0.709350981
817.41,0.707579832
817.73,0.701630384
818.06,0.709949756
818.38,0.702247306
818.7,0.703163183
819.02,0.702285582
819.34,0.704846455
819.66,0.70694479
819.98,0.707315993
820.3,0.70888423
820.62,0.715377789
820.94,0.708708424
821.26,0.710188323
821.57,0.711006895
821.89,0.706676802
822.21,0.701911767
822.53,0.705075021
822.85,0.703659222
823.17,0.705882208
823.49,0.705952972
823.81,0.70822018
824.13,0.704359014
824.45,0.712452491
824.77,0.706600516
825.09,0.707709413
825.41,0.708530619
825.73,0.704257702
826.05,0.715571362
826.36,0.714329032
826.68,0.708602193
827,0.705634065
827.32,0.708169404
827.64,0.705881697
827.96,0.708734183
828.28,0.711767921
828.6,0.705132389
828.92,0.71410744
829.23,0.710465809
829.55,0.708160003
829.87,0.705992895
830.19,0.707306301
830.51,0.711575693
830.83,0.705546207
831.14,0.70836589
831.46,0.705710189
831.78,0.705308874
832.1,0.709552634
832.42,0.706726927
832.74,0.703199486
833.05,0.707364169
833.37,0.705845448
833.69,0.705524424
834.01,0.707737504
834.32,0.70643361
834.64,0.71011963
834.96,0.710584806
835.28,0.710835368
835.6,0.709184832
835.91,0.712719186
836.23,0.717565569
836.55,0.707122083
836.87,0.708102004
837.18,0.708414469
837.5,0.710005419
837.82,0.713282601
838.13,0.71223624
838.45,0.711536549
838.77,0.711604076
839.09,0.710780542
839.4,0.710395248
839.72,0.71095998
840.04,0.713125558
840.35,0.714071066
840.67,0.714885291
840.99,0.717781282
841.3,0.708423005
841.62,0.714213615
841.94,0.716970211
842.25,0.712628834
842.57,0.711491042
842.89,0.710759072
843.2,0.710598685
843.52,0.708224955
843.84,0.712377416
844.15,0.707203511
844.47,0.711163086
844.79,0.709359596
845.1,0.709304977
845.42,0.711018842
845.73,0.711514795
846.05,0.715510357
846.37,0.711421656
846.68,0.711130225
847,0.713778966
847.31,0.712319256
847.63,0.715479813
847.94,0.716314194
848.26,0.713318369
848.58,0.714728515
848.89,0.715810308
849.21,0.716871663
849.52,0.714785886
849.84,0.711199391
850.15,0.712261191
850.47,0.719406785
850.78,0.711512981
851.1,0.71339007
851.41,0.711768435
851.73,0.715599751
852.04,0.716185869
852.36,0.713542316
852.67,0.712291893
852.99,0.719421432
853.3,0.713498721
853.62,0.709301223
853.93,0.71188212
854.25,0.717603728
854.56,0.717479818
854.88,0.716280904
855.19,0.710769678
855.51,0.713271389
855.82,0.715492851
856.14,0.719218137
856.45,0.712275378
856.77,0.715529275
857.08,0.717501785
857.39,0.716888948
857.71,0.7082647
858.02,0.713279567
858.34,0.713541762
858.65,0.714584777
858.96,0.716999805
859.28,0.718568946
859.59,0.710611069
859.91,0.715111301
860.22,0.704534779
860.53,0.71095124
860.85,0.711158141
861.16,0.711994719
861.47,0.713502167
861.79,0.713027516
862.1,0.71929877
862.42,0.71209841
862.73,0.716788735
863.04,0.718670837
863.36,0.712506155
863.67,0.708547477
863.98,0.717095933
864.3,0.717958208
864.61,0.713770732
864.92,0.715578534
865.23,0.713238959
865.55,0.710809152
865.86,0.71805759
866.17,0.712403628
866.49,0.710832362
866.8,0.704733205
867.11,0.707685592
867.42,0.716326656
867.74,0.71502237
868.05,0.712725941
868.36,0.711532928
868.67,0.714247479
868.99,0.712846707
869.3,0.718813536
869.61,0.715295891
869.92,0.714102199
870.24,0.718924639
870.55,0.717604824
870.86,0.716903284
871.17,0.716367045
871.49,0.70900425
871.8,0.713868994
872.11,0.71601273
872.42,0.718089002
872.73,0.710820141
873.04,0.711609696
873.36,0.713147068
873.67,0.707700853
873.98,0.715701736
874.29,0.720184141
874.6,0.712467534
874.91,0.71969134
875.23,0.709887728
875.54,0.710743422
875.85,0.715668024
876.16,0.712475838
876.47,0.713185876
876.78,0.710268545
877.09,0.71369274
877.4,0.712606741
877.72,0.716663555
878.03,0.709131602
878.34,0.712707998
878.65,0.706600296
878.96,0.715966055
879.27,0.709399281
879.58,0.712230666
879.89,0.721031049
880.2,0.706241801
880.51,0.716782302
880.82,0.711048413
881.13,0.716954403
881.45,0.717070803
881.76,0.716298488
882.07,0.710422503
882.38,0.705298405
882.69,0.710831009
883,0.712274507
883.31,0.716433518
883.62,0.708633215
883.93,0.716251332
884.24,0.705706936
884.55,0.714449941
884.86,0.716424429
885.17,0.716231259
885.48,0.711868582
885.79,0.711063106
886.1,0.716736207
886.41,0.708185074
886.72,0.709992971
887.03,0.714204722
887.33,0.706981801
887.64,0.70608468
887.95,0.708155089
888.26,0.713867619
888.57,0.708397161
888.88,0.70866031
889.19,0.718517847
889.5,0.71537452
889.81,0.719466691
890.12,0.722208418
890.43,0.717099662
890.74,0.715609792
891.05,0.716098844
891.35,0.711699523
891.66,0.703767129
891.97,0.709789363
892.28,0.710259413
892.59,0.704518292
892.9,0.706479216
893.21,0.713092891
893.51,0.694921725
893.82,0.707546424
894.13,0.699778739
894.44,0.708514956
894.75,0.705809242
895.06,0.699365667
895.36,0.697878004
895.67,0.708475928
895.98,0.697552642
896.29,0.710706637
896.6,0.698469771
896.91,0.698204618
897.21,0.695741718
897.52,0.704362902
897.83,0.68573804
898.14,0.714438118
898.44,0.699233848
898.75,0.683100223
899.06,0.696282166
899.37,0.683303711
899.68,0.69601492
899.98,0.696001891
900.29,0.692712886
900.6,0.668305268
900.9,0.674960392
901.21,0.692810501
901.52,0.701725382
901.83,0.678002131
902.13,0.682133974
902.44,0.678712366
902.75,0.694818096
903.05,0.693513027
903.36,0.692220407
903.67,0.697053064
903.98,0.699793859
904.28,0.694153328
904.59,0.696206394
904.9,0.697086999
905.2,0.694637032
905.51,0.692775337
905.82,0.692354967
906.12,0.692697302
906.43,0.68823645
906.73,0.691691839
907.04,0.682663196
907.35,0.699702006
907.65,0.677014316
907.96,0.692235174
908.27,0.688376693
908.57,0.692105808
908.88,0.690306115
909.18,0.678508739
909.49,0.691461561
909.8,0.675635366
910.1,0.671857328
910.41,0.69323668
910.71,0.6861167
911.02,0.69605392
911.32,0.678921405
911.63,0.68858321
911.94,0.680874277
912.24,0.688049897
912.55,0.69820214
912.85,0.675293038
913.16,0.665794087
913.46,0.68256918
913.77,0.670656338
914.07,0.681377526
914.38,0.684319737
914.68,0.69129346
914.99,0.693173857
915.29,0.681101783
915.6,0.678604512
915.9,0.668127592
916.21,0.677611334
916.51,0.646485079
916.82,0.663394355
917.12,0.67252739
917.43,0.657363348
917.73,0.663573294
918.03,0.677099713
918.34,0.681109296
918.64,0.670554736
918.95,0.681300292
919.25,0.69096037
919.56,0.685287079
919.86,0.696416135
920.16,0.667633513
920.47,0.683882216
920.77,0.688015568
921.08,0.673605335
921.38,0.675783733
921.68,0.673293849
921.99,0.665544239
922.29,0.684618388
922.6,0.689207982
922.9,0.689591106
923.2,0.693604047
923.51,0.676734934
923.81,0.677199096
924.11,0.670409533
924.42,0.690469244
924.72,0.666243081
925.02,0.652066114
925.33,0.66151901
925.63,0.680789297
925.93,0.698478761
926.24,0.666534546
926.54,0.660671164
926.84,0.675354643
927.15,0.667376819
927.45,0.642438032
927.75,0.64882336
928.05,0.650924655
928.36,0.644815998
928.66,0.649823978
928.96,0.64578399
929.27,0.598472187
929.57,0.614325805
929.87,0.594589397
930.17,0.624611145
930.48,0.605251051
930.78,0.56169161
931.08,0.529294362
931.38,0.470016152
931.68,0.396311074
931.99,0.450405016
932.29,0.343790516
932.59,0.413556485
932.89,0.169291598
933.19,0.271851449
933.5,-0.299061292
933.8,-0.031896987
934.1,-1.115615432
934.4,-0.670861358
934.7,-0.085923702
935.01,-0.184254513
935.31,0.107778056
935.61,-0.484510361
935.91,-0.270218839
936.21,-0.197808671
936.51,-0.83131068
936.81,-0.019587321
937.12,-0.560360963
937.42,-2.111840378
937.72,-1.09485804
938.02,-0.065534153
938.32,0.139919249
938.62,0.317206617
938.92,0.404296902
939.22,0.461508848
939.52,0.419510104
939.82,0.484931152
940.13,0.455235523
940.43,0.465514126
940.73,0.445758346
941.03,0.40419307
941.33,0.419261637
941.63,0.416202909
941.93,0.448233406
942.23,0.419484452
942.53,0.33269447
942.83,0.271774736
943.13,0.303494046
943.43,0.362375915
943.73,0.366070174
944.03,0.212128109
944.33,0.27708856
944.63,0.235874622
944.93,0.385465793
945.23,0.384401723
945.53,0.236342844
945.83,0.071156351
946.13,0.089108047
946.43,0.370277853
946.73,0.042801241
947.03,0.175535425
947.33,0.343941173
947.63,0.179493742
947.93,0.323088037
948.23,0.190271172
948.53,0.311786995
948.83,0.393771996
949.12,0.27208539
949.42,0.315329055
949.72,0.213074429
950.02,0.158432908
950.32,0.179168156
950.62,0.350313858
950.92,0.391440665
951.22,0.298579563
951.52,0.27916462
951.82,0.079096357
952.11,0.177537586
952.41,-0.142435103
952.71,0.066878295
953.01,0.23463615
953.31,0.285153804
953.61,0.205510469
953.91,0.293811178
954.2,0.247874462
954.5,0.080285061
954.8,0.288585702
955.1,0.265579086
955.4,0.219068963
955.69,0.270695617
955.99,0.343775005
956.29,0.224980488
956.59,0.234102434
956.89,0.242493566
957.18,0.37663225
957.48,0.348240324
957.78,0.414902785
958.08,0.357475035
958.37,0.256142486
958.67,0.143883445
958.97,0.238573208
959.27,0.221811706
959.56,0.187740888
959.86,0.304264862
960.16,0.198332146
960.46,0.282005651
960.75,0.33536409
961.05,0.36621978
961.35,0.425343811
961.65,0.290711309
961.94,0.261407607
962.24,0.256224865
962.54,0.253048684
962.83,0.347441997
963.13,0.427964184
963.43,0.312760021
963.72,0.318203128
964.02,0.339355527
964.32,0.327590289
964.61,0.333549274
964.91,0.366901693
965.21,0.337759227
965.5,0.374414592
965.8,0.387978786
966.09,0.325619912
966.39,0.327064828
966.69,0.249494001
966.98,0.348922622
967.28,0.443302603
967.57,0.448901407
967.87,0.492365303
968.17,0.476991463
968.46,0.540027665
968.76,0.419966031
969.05,0.47284042
969.35,0.451880309
969.65,0.465164991
969.94,0.430292354
970.24,0.532589102
970.53,0.479280405
970.83,0.525314487
971.12,0.456540146
971.42,0.437846334
971.71,0.463444148
972.01,0.481311781
972.3,0.470438324
972.6,0.46740867
972.89,0.474274147
973.19,0.40204134
973.48,0.541036242
973.78,0.42081344
974.07,0.425399996
974.37,0.39853613
974.66,0.429108513
974.96,0.445150322
975.25,0.395829832
975.55,0.383213627
975.84,0.443216093
976.14,0.447722853
976.43,0.417582557
976.72,0.401820233
977.02,0.38577952
977.31,0.430269398
977.61,0.405063814
977.9,0.501600864
978.2,0.474149858
978.49,0.43564327
978.78,0.453329459
979.08,0.440066491
979.37,0.450014264
979.67,0.362056962
979.96,0.394459469
980.25,0.502233857
980.55,0.437769897
980.84,0.433573468
981.13,0.410794974
981.43,0.430950221
981.72,0.386369553
982.01,0.46089089
982.31,0.453949413
982.6,0.471633801
982.89,0.434203855
983.19,0.499235446
983.48,0.458077689
983.77,0.441227901
984.07,0.443481443
984.36,0.459217584
984.65,0.483548309
984.95,0.467977744
985.24,0.501854532
985.53,0.44203979
985.82,0.465738287
986.12,0.422966255
986.41,0.451949171
986.7,0.43387021
986.99,0.436836772
987.29,0.519004036
987.58,0.476745292
987.87,0.490751724
988.16,0.44382424
988.46,0.426190394
988.75,0.461424416
989.04,0.495598243
989.33,0.459256882
989.62,0.506880557
989.92,0.440812323
990.21,0.495066236
990.5,0.492837391
990.79,0.471363791
991.08,0.522777154
991.38,0.467351706
991.67,0.447831926
991.96,0.406090144
992.25,0.439112953
992.54,0.410201052
992.83,0.468871075
993.12,0.487762815
993.42,0.531088736
993.71,0.386401212
994,0.488663184
994.29,0.413136656
994.58,0.45159949
994.87,0.39979508
995.16,0.347284022
995.45,0.43463867
995.74,0.449716893
996.04,0.421437174
996.33,0.428186789
996.62,0.463890171
996.91,0.526317746
997.2,0.576397483
997.49,0.469500609
997.78,0.440913365
998.07,0.477836134
998.36,0.402754814
998.65,0.480545223
998.94,0.466760049
999.23,0.394848085
999.52,0.362436316
999.81,0.455913301
1000.1,0.342226796
1000.39,0.381533836
1000.68,0.44453787
1000.97,0.387397595
1001.26,0.414652246
1001.55,0.343491141
1001.84,0.44316103
1002.13,0.437126175
1002.42,0.457131753
1002.71,0.475944729
1003,0.44714536
1003.29,0.438909396
1003.58,0.438724359
1003.87,0.429141113
1004.16,0.370565518
1004.45,0.426488749
1004.74,0.384529424
1005.03,0.408887156
1005.31,0.316662136
1005.6,0.356588446
1005.89,0.341118744
1006.18,0.346690083
1006.47,0.479158258
1006.76,0.396910134
1007.05,0.306689787
1007.34,0.352579583
1007.63,0.397818182
1007.91,0.492509882
1008.2,0.389896526
1008.49,0.36103839
1008.78,0.314499634
1009.07,0.238308763
1009.36,0.186581401
1009.65,0.318142963
1009.93,0.252003505
1010.22,0.348035405
1010.51,0.297543129
1010.8,0.187498631
1011.09,0.290334373
1011.37,0.23947794
1011.66,0.29956924
1011.95,0.225748038
1012.24,0.304303951
1012.53,0.362245495
1012.81,0.26654617
1013.1,0.228423617
1013.39,0.292107464
1013.68,0.235215503
1013.96,0.325422114
1014.25,0.281332215
1014.54,0.206723397
1014.83,0.402874859
1015.11,0.183831882
1015.4,0.311725231
1015.69,0.244323557
1015.98,0.250517827
1016.26,0.190301003
1016.55,0.116009809
1016.84,0.164223448
1017.12,0.453727916
1017.41,0.077239273
1017.7,0.152902609
1017.98,-0.027493221
1018.27,0.386166763
1018.56,0.179591231
1018.84,0.161632152
1019.13,0.184470247
1019.42,-0.008646038
1019.7,0.05984165
1019.99,-0.023469421
1020.28,0.076100752
1020.56,0.063673528
1020.85,0.097560124
1021.13,0.184695244
1021.42,-0.053728595
1021.71,0.129212807
1021.99,-0.418846292
1022.28,-0.092743873
1022.56,-0.089616681
1022.85,0.169849192
1023.14,-0.18989535
1023.42,-0.146486987
1023.71,0.001459298
1023.99,-0.165844688
1024.28,-0.082740659
