spectra (nm),reflection
339.97,0.915302398
340.35,0.915302398
340.72,0.915302398
341.1,1.013944043
341.47,0.724372884
341.85,-0.010488873
342.23,-4.487866109
342.6,2.168899243
342.98,1.660111778
343.35,0.67958337
343.73,1.443964853
344.11,4.255
344.48,0.492521025
344.86,1.249678415
345.23,1.902683654
345.61,2.128350934
345.98,0.509551451
346.36,-1.383961118
346.73,-0.073423252
347.11,-0.004798871
347.49,-3.480607628
347.86,-1.392340426
348.24,2.719710669
348.61,0.562306986
348.99,-0.097565516
349.36,0.011362927
349.74,0.000871491
350.11,-0.005511775
350.49,0.008121535
350.86,0.00766773
351.24,-0.001544613
351.61,0.001528016
351.99,-0.001037809
352.36,0.004424724
352.74,0.005913605
353.11,0.002095874
353.49,0.000176589
353.86,0.000315035
354.24,-0.003312262
354.61,0.003477951
354.99,0.0108351
355.36,0.006106562
355.74,0.001437129
356.11,0.00284088
356.49,0.003202642
356.86,0.000658891
357.24,-0.002404314
357.61,-0.004850478
357.99,0.003565226
358.36,0.002930145
358.74,0.005955076
359.11,0.001978422
359.48,0.024073458
359.86,0.013431132
360.23,0.009123835
360.61,0.011254739
360.98,0.006788587
361.36,0.014758561
361.73,0.011794016
362.1,0.016663742
362.48,0.013685949
362.85,0.015748506
363.23,0.019306363
363.6,0.017241872
363.97,0.020574153
364.35,0.023182737
364.72,0.027124117
365.1,0.019326499
365.47,0.029446073
365.84,0.026001792
366.22,0.020992741
366.59,0.022772896
366.96,0.017332449
367.34,0.024420375
367.71,0.020023199
368.09,0.024274828
368.46,0.022195905
368.83,0.025575995
369.21,0.027155413
369.58,0.027189802
369.95,0.026775832
370.33,0.029017071
370.7,0.029418959
371.07,0.027536168
371.45,0.029147961
371.82,0.026985935
372.19,0.024794101
372.57,0.022352247
372.94,0.023274282
373.31,0.01919037
373.69,0.022898419
374.06,0.026625843
374.43,0.025666716
374.8,0.021064719
375.18,0.023595148
375.55,0.030732102
375.92,0.030842997
376.3,0.028306159
376.67,0.027824402
377.04,0.029025663
377.41,0.031640792
377.79,0.030446315
378.16,0.030658595
378.53,0.03106878
378.91,0.033633292
379.28,0.029494385
379.65,0.030287686
380.02,0.032289137
380.4,0.032468377
380.77,0.031856993
381.14,0.028493526
381.51,0.029786157
381.88,0.030339522
382.26,0.031302394
382.63,0.028128651
383,0.024730783
383.37,0.02847833
383.75,0.028541171
384.12,0.030657949
384.49,0.032798061
384.86,0.030870014
385.23,0.031494014
385.61,0.032139297
385.98,0.032975294
386.35,0.031791212
386.72,0.031390792
387.09,0.031524072
387.46,0.03205593
387.84,0.033964351
388.21,0.031854067
388.58,0.033929346
388.95,0.033510103
389.32,0.034442927
389.69,0.033220803
390.07,0.034315342
390.44,0.03403291
390.81,0.034938842
391.18,0.034296001
391.55,0.036593301
391.92,0.033064134
392.29,0.035198452
392.67,0.031012808
393.04,0.030449049
393.41,0.031256815
393.78,0.029833773
394.15,0.033221276
394.52,0.033975255
394.89,0.033979436
395.26,0.035356646
395.63,0.035105095
396.01,0.034858998
396.38,0.035892
396.75,0.033556762
397.12,0.035081316
397.49,0.036272824
397.86,0.034695321
398.23,0.037293728
398.6,0.03609943
398.97,0.036296724
399.34,0.036341001
399.71,0.036792043
400.08,0.037750406
400.45,0.03590427
400.83,0.037757156
401.2,0.036708355
401.57,0.036935176
401.94,0.036943922
402.31,0.037552625
402.68,0.036251485
403.05,0.036852757
403.42,0.036331386
403.79,0.036126439
404.16,0.036870668
404.53,0.035786511
404.9,0.036378129
405.27,0.036410606
405.64,0.036523288
406.01,0.03647755
406.38,0.036372462
406.75,0.036138195
407.12,0.036262438
407.49,0.036261963
407.86,0.036382774
408.23,0.036551246
408.6,0.035844342
408.97,0.036077311
409.34,0.035747959
409.71,0.035683724
410.08,0.036158902
410.45,0.03556395
410.81,0.036305312
411.18,0.036403157
411.55,0.035557214
411.92,0.036491151
412.29,0.035776361
412.66,0.036039777
413.03,0.035141356
413.4,0.036090025
413.77,0.035627445
414.14,0.037025431
414.51,0.035369489
414.88,0.035713979
415.25,0.036028195
415.62,0.035873228
415.98,0.036158881
416.35,0.036377592
416.72,0.036150443
417.09,0.036178656
417.46,0.035133802
417.83,0.035382615
418.2,0.035933209
418.57,0.035611511
418.94,0.036384776
419.3,0.036065855
419.67,0.035384945
420.04,0.036275539
420.41,0.035864122
420.78,0.036527516
421.15,0.03564021
421.52,0.035248729
421.88,0.035925158
422.25,0.035248345
422.62,0.03642948
422.99,0.03649222
423.36,0.035783522
423.73,0.036130232
424.09,0.036251587
424.46,0.036018037
424.83,0.035767913
425.2,0.03603386
425.57,0.03671226
425.93,0.036073039
426.3,0.036537674
426.67,0.035952462
427.04,0.035841066
427.41,0.035319868
427.77,0.03567035
428.14,0.035772034
428.51,0.036239114
428.88,0.036168235
429.24,0.035542632
429.61,0.035762976
429.98,0.035364254
430.35,0.037042468
430.72,0.036253281
431.08,0.036399522
431.45,0.036284715
431.82,0.036618348
432.18,0.036499794
432.55,0.035817235
432.92,0.036349023
433.29,0.036095429
433.65,0.035751587
434.02,0.035995859
434.39,0.03609913
434.76,0.036005875
435.12,0.03588923
435.49,0.036268532
435.86,0.036355389
436.22,0.036814533
436.59,0.036014648
436.96,0.035955294
437.32,0.036578981
437.69,0.035866281
438.06,0.036697384
438.43,0.036938164
438.79,0.036891698
439.16,0.036823463
439.53,0.036613935
439.89,0.036211787
440.26,0.036543775
440.63,0.036919381
440.99,0.037406461
441.36,0.03693481
441.72,0.03735564
442.09,0.037443317
442.46,0.037326443
442.82,0.037218796
443.19,0.037346326
443.56,0.037304671
443.92,0.037141909
444.29,0.037822213
444.66,0.037327641
445.02,0.03748199
445.39,0.03801351
445.75,0.037862629
446.12,0.037755711
446.49,0.037926225
446.85,0.03747561
447.22,0.037903268
447.58,0.038092611
447.95,0.038419214
448.31,0.038836832
448.68,0.038204528
449.05,0.038403499
449.41,0.038315395
449.78,0.038518246
450.14,0.038655664
450.51,0.038572508
450.87,0.0393939
451.24,0.038960483
451.61,0.039218178
451.97,0.039305011
452.34,0.039124469
452.7,0.039768613
453.07,0.03966042
453.43,0.039580637
453.8,0.039725458
454.16,0.039589848
454.53,0.03961198
454.89,0.039113922
455.26,0.039623668
455.62,0.039575316
455.99,0.039843214
456.35,0.03937942
456.72,0.039775038
457.08,0.03986912
457.45,0.039570642
457.81,0.039756654
458.18,0.039812985
458.54,0.040273575
458.91,0.040363269
459.27,0.040395544
459.64,0.039955775
460,0.039835331
460.36,0.039748968
460.73,0.040115073
461.09,0.040059729
461.46,0.039809251
461.82,0.040162491
462.19,0.039752132
462.55,0.040427955
462.92,0.040071419
463.28,0.040036939
463.64,0.040072961
464.01,0.040276803
464.37,0.040425783
464.74,0.040634486
465.1,0.040101992
465.46,0.039910501
465.83,0.04003592
466.19,0.040099027
466.56,0.040372333
466.92,0.04035233
467.28,0.040307077
467.65,0.040130656
468.01,0.040074811
468.38,0.040261766
468.74,0.040384429
469.1,0.04063069
469.47,0.040340966
469.83,0.040367556
470.19,0.04010774
470.56,0.040328268
470.92,0.040543485
471.28,0.040371004
471.65,0.039922106
472.01,0.040259923
472.37,0.040225221
472.74,0.039773746
473.1,0.040283433
473.46,0.040219103
473.83,0.040386686
474.19,0.040197835
474.55,0.040537384
474.92,0.040392222
475.28,0.040541112
475.64,0.0402099
476.01,0.040413502
476.37,0.040682296
476.73,0.040395433
477.09,0.040790834
477.46,0.040919129
477.82,0.040520991
478.18,0.040656856
478.54,0.040985631
478.91,0.040624768
479.27,0.040899034
479.63,0.040664955
480,0.040778749
480.36,0.041010094
480.72,0.04104346
481.08,0.040999201
481.45,0.041040661
481.81,0.041319762
482.17,0.041418514
482.53,0.041478096
482.89,0.041215576
483.26,0.041353721
483.62,0.041825813
483.98,0.041656161
484.34,0.041830246
484.7,0.041786667
485.07,0.042079777
485.43,0.04234923
485.79,0.042369739
486.15,0.042126431
486.51,0.042301775
486.88,0.042317216
487.24,0.042560791
487.6,0.042642642
487.96,0.042844691
488.32,0.043000688
488.68,0.043148992
489.05,0.043337792
489.41,0.043285084
489.77,0.043752272
490.13,0.044043985
490.49,0.044294004
490.85,0.04431612
491.21,0.04448771
491.58,0.044674843
491.94,0.044974237
492.3,0.045229442
492.66,0.045430723
493.02,0.045648735
493.38,0.04578028
493.74,0.046022941
494.1,0.046501786
494.47,0.046586191
494.83,0.047072987
495.19,0.047171645
495.55,0.047456467
495.91,0.047770693
496.27,0.048015513
496.63,0.048140157
496.99,0.048503867
497.35,0.048868237
497.71,0.049107428
498.07,0.049241934
498.43,0.049587904
498.79,0.049884864
499.15,0.050046108
499.52,0.050667464
499.88,0.05087167
500.24,0.050912588
500.6,0.051387096
500.96,0.051675882
501.32,0.052003853
501.68,0.052229394
502.04,0.052391725
502.4,0.052874664
502.76,0.053372273
503.12,0.053540032
503.48,0.053991861
503.84,0.054340479
504.2,0.054813558
504.56,0.055218941
504.92,0.055994849
505.28,0.05620926
505.64,0.05692312
506,0.057502745
506.36,0.057863295
506.72,0.058279738
507.08,0.058351908
507.44,0.059060331
507.8,0.059564964
508.15,0.059796486
508.51,0.060441608
508.87,0.061100895
509.23,0.06190714
509.59,0.062160093
509.95,0.062666462
510.31,0.063276239
510.67,0.064056051
511.03,0.064590443
511.39,0.065337146
511.75,0.065769589
512.11,0.066451873
512.47,0.066895129
512.83,0.06725028
513.18,0.067737294
513.54,0.068530996
513.9,0.068956565
514.26,0.06954332
514.62,0.070152922
514.98,0.070668314
515.34,0.071738961
515.7,0.072235787
516.05,0.072639809
516.41,0.072924268
516.77,0.07333832
517.13,0.074006094
517.49,0.074587366
517.85,0.075139641
518.21,0.075815215
518.56,0.076780751
518.92,0.077216826
519.28,0.078098609
519.64,0.078884942
520,0.079557044
520.36,0.080270474
520.71,0.080800198
521.07,0.081571106
521.43,0.082094781
521.79,0.082549423
522.15,0.082999061
522.5,0.083245002
522.86,0.083706818
523.22,0.084431782
523.58,0.085311177
523.94,0.085566374
524.29,0.086547966
524.65,0.086910894
525.01,0.086984933
525.37,0.087321995
525.72,0.087676714
526.08,0.087475474
526.44,0.087806741
526.8,0.088107484
527.15,0.088227021
527.51,0.08877396
527.87,0.089418902
528.23,0.089912843
528.58,0.090194822
528.94,0.090815752
529.3,0.091075043
529.66,0.0914623
530.01,0.091502048
530.37,0.091702527
530.73,0.092114654
531.08,0.09249951
531.44,0.092629637
531.8,0.092753268
532.15,0.09274343
532.51,0.092642683
532.87,0.092556414
533.23,0.09300911
533.58,0.092868296
533.94,0.093519447
534.3,0.093699266
534.65,0.093820241
535.01,0.094183129
535.37,0.094319366
535.72,0.094690726
536.08,0.094354262
536.43,0.094715524
536.79,0.094386389
537.15,0.094629149
537.5,0.095028725
537.86,0.094819036
538.22,0.095092392
538.57,0.095130438
538.93,0.095257616
539.29,0.095194327
539.64,0.095009061
540,0.095303059
540.35,0.095256198
540.71,0.095331295
541.07,0.095567388
541.42,0.095757696
541.78,0.095895788
542.13,0.09599239
542.49,0.096257787
542.84,0.096258826
543.2,0.09650354
543.56,0.096689117
543.91,0.097057825
544.27,0.097219038
544.62,0.097172175
544.98,0.097651261
545.33,0.097725264
545.69,0.097884882
546.04,0.097884063
546.4,0.097962154
546.75,0.098245608
547.11,0.098405113
547.47,0.098501327
547.82,0.098853381
548.18,0.099192131
548.53,0.099046367
548.89,0.099089
549.24,0.099748307
549.6,0.099780871
549.95,0.099822261
550.31,0.100170481
550.66,0.100300624
551.02,0.100663133
551.37,0.100677441
551.72,0.101370725
552.08,0.101349613
552.43,0.101543316
552.79,0.101341256
553.14,0.101734845
553.5,0.101941478
553.85,0.102122439
554.21,0.102321754
554.56,0.102114485
554.92,0.102626914
555.27,0.102703738
555.62,0.102747077
555.98,0.102619376
556.33,0.102927092
556.69,0.102768649
557.04,0.102982278
557.4,0.103054589
557.75,0.102791926
558.1,0.102984632
558.46,0.102915238
558.81,0.102500101
559.17,0.102794464
559.52,0.102514744
559.87,0.102892413
560.23,0.103153437
560.58,0.103139219
560.93,0.10285733
561.29,0.102516065
561.64,0.10265029
561.99,0.102590434
562.35,0.102802194
562.7,0.102458447
563.06,0.102575601
563.41,0.102419801
563.76,0.10223818
564.12,0.102332941
564.47,0.101902209
564.82,0.102258537
565.18,0.101991546
565.53,0.101669443
565.88,0.101790329
566.23,0.101198187
566.59,0.101404518
566.94,0.101119368
567.29,0.101104148
567.65,0.100760737
568,0.100580018
568.35,0.100325097
568.71,0.100019287
569.06,0.09970358
569.41,0.099222967
569.76,0.099536273
570.12,0.098872295
570.47,0.098667128
570.82,0.098660064
571.17,0.098134893
571.53,0.098027936
571.88,0.097970352
572.23,0.097703687
572.58,0.097299589
572.94,0.0970564
573.29,0.097091562
573.64,0.09669704
573.99,0.096336048
574.34,0.096374884
574.7,0.095790995
575.05,0.095699533
575.4,0.095444399
575.75,0.095053527
576.11,0.095178583
576.46,0.094629443
576.81,0.094546262
577.16,0.094200501
577.51,0.094000853
577.86,0.093902937
578.22,0.093683836
578.57,0.09311203
578.92,0.093085609
579.27,0.093286977
579.62,0.092884172
579.97,0.092695556
580.33,0.092528418
580.68,0.092280318
581.03,0.092087081
581.38,0.091683036
581.73,0.091778005
582.08,0.091344689
582.43,0.091305448
582.78,0.09075495
583.14,0.090598871
583.49,0.090382195
583.84,0.090205034
584.19,0.090185607
584.54,0.090107363
584.89,0.089961531
585.24,0.089701558
585.59,0.089361372
585.94,0.089035236
586.29,0.089033963
586.65,0.088774782
587,0.088413658
587.35,0.088330976
587.7,0.088049313
588.05,0.088303917
588.4,0.088263558
588.75,0.08782008
589.1,0.087309319
589.45,0.087031222
589.8,0.086800308
590.15,0.08630073
590.5,0.086476208
590.85,0.08644655
591.2,0.086315143
591.55,0.085759066
591.9,0.086039809
592.25,0.085756443
592.6,0.085649434
592.95,0.085737404
593.3,0.085878923
593.65,0.085400235
594,0.08548685
594.35,0.085299847
594.7,0.085105626
595.05,0.085041683
595.4,0.084920648
595.75,0.084528479
596.1,0.084516033
596.45,0.08485568
596.8,0.08449367
597.15,0.084567769
597.5,0.084806504
597.85,0.084609773
598.2,0.084255752
598.55,0.084526092
598.9,0.084376864
599.24,0.084458336
599.59,0.084467472
599.94,0.083945819
600.29,0.084272883
600.64,0.084140541
600.99,0.084303388
601.34,0.083983822
601.69,0.084058898
602.04,0.083926525
602.39,0.083684715
602.73,0.083878051
603.08,0.083460765
603.43,0.083454389
603.78,0.083357402
604.13,0.083577181
604.48,0.083424354
604.83,0.083008303
605.18,0.083237591
605.52,0.083234417
605.87,0.082878236
606.22,0.082501994
606.57,0.082662554
606.92,0.082491376
607.27,0.082589564
607.61,0.082316543
607.96,0.082309413
608.31,0.082256921
608.66,0.081914489
609.01,0.081649358
609.36,0.081568151
609.7,0.081534604
610.05,0.081430839
610.4,0.080981242
610.75,0.080833963
611.1,0.080644219
611.44,0.080455828
611.79,0.080357477
612.14,0.080255521
612.49,0.080277005
612.83,0.07986092
613.18,0.079883164
613.53,0.079178003
613.88,0.079206757
614.22,0.078692086
614.57,0.078723038
614.92,0.078726271
615.27,0.078452423
615.61,0.078819695
615.96,0.078333967
616.31,0.078197266
616.66,0.077930834
617,0.077942637
617.35,0.077619013
617.7,0.077543447
618.04,0.07759924
618.39,0.076923919
618.74,0.076855858
619.08,0.076868369
619.43,0.076816969
619.78,0.076975837
620.12,0.076582171
620.47,0.076103023
620.82,0.076092172
621.16,0.076203764
621.51,0.075766863
621.86,0.075736539
622.2,0.075525952
622.55,0.075936711
622.9,0.075513519
623.24,0.075718384
623.59,0.075235216
623.94,0.075329731
624.28,0.075617537
624.63,0.074998694
624.98,0.075119529
625.32,0.075154646
625.67,0.075211205
626.01,0.07448965
626.36,0.074861333
626.71,0.074451208
627.05,0.074547462
627.4,0.074303723
627.74,0.074638983
628.09,0.074568009
628.43,0.074297289
628.78,0.07424481
629.13,0.073867041
629.47,0.074047456
629.82,0.073694675
630.16,0.073419832
630.51,0.073282678
630.85,0.073440942
631.2,0.073168094
631.54,0.072884989
631.89,0.072756724
632.24,0.072729562
632.58,0.07242784
632.93,0.072189024
633.27,0.071932458
633.62,0.071758363
633.96,0.071306285
634.31,0.071255369
634.65,0.07067887
635,0.070589886
635.34,0.070621616
635.69,0.069935831
636.03,0.069723385
636.38,0.069087534
636.72,0.06903877
637.07,0.068601764
637.41,0.06823115
637.75,0.067892082
638.1,0.067449675
638.44,0.066862175
638.79,0.066696946
639.13,0.066967899
639.48,0.065955825
639.82,0.066006497
640.17,0.06559681
640.51,0.065024146
640.85,0.064679422
641.2,0.064341728
641.54,0.064448091
641.89,0.064024974
642.23,0.063719303
642.57,0.0634825
642.92,0.063012026
643.26,0.062610228
643.61,0.062250638
643.95,0.062170207
644.29,0.061735305
644.64,0.061384094
644.98,0.061444557
645.33,0.060994655
645.67,0.060793044
646.01,0.060787188
646.36,0.060227719
646.7,0.060432444
647.04,0.060006774
647.39,0.059978641
647.73,0.059764064
648.07,0.059354039
648.42,0.058898422
648.76,0.05893076
649.1,0.058783977
649.45,0.058590319
649.79,0.058513762
650.13,0.058609776
650.48,0.058164126
650.82,0.058825289
651.16,0.057971453
651.5,0.058100797
651.85,0.057884976
652.19,0.058166327
652.53,0.058761115
652.88,0.058417004
653.22,0.058517896
653.56,0.058525876
653.9,0.058237058
654.25,0.058500781
654.59,0.058398502
654.93,0.0588588
655.27,0.058712436
655.62,0.059177973
655.96,0.059676974
656.3,0.059092934
656.64,0.059383008
656.99,0.058970991
657.33,0.058741979
657.67,0.058935913
658.01,0.058003152
658.35,0.058251047
658.7,0.057732668
659.04,0.057930604
659.38,0.05792696
659.72,0.058063945
660.06,0.057631496
660.41,0.05723256
660.75,0.056882261
661.09,0.056964048
661.43,0.057065713
661.77,0.056863277
662.11,0.056590054
662.46,0.056624431
662.8,0.0562598
663.14,0.056148888
663.48,0.055825326
663.82,0.055779231
664.16,0.056023611
664.5,0.055638622
664.85,0.055152904
665.19,0.055555877
665.53,0.055886364
665.87,0.055772119
666.21,0.055514163
666.55,0.055374877
666.89,0.055432105
667.23,0.055732538
667.57,0.055656943
667.92,0.055507367
668.26,0.056132625
668.6,0.056087087
668.94,0.05626072
669.28,0.056858315
669.62,0.057001639
669.96,0.057458548
670.3,0.057292987
670.64,0.057683135
670.98,0.057952803
671.32,0.058292876
671.66,0.05858885
672,0.058545898
672.34,0.058926168
672.68,0.059169451
673.02,0.060113652
673.36,0.060219336
673.7,0.06090456
674.04,0.060861442
674.38,0.061658128
674.72,0.061985597
675.06,0.062498029
675.4,0.062789502
675.74,0.063232624
676.08,0.063758266
676.42,0.064758666
676.76,0.064896322
677.1,0.06596963
677.44,0.066425333
677.78,0.06744329
678.12,0.067663948
678.46,0.068382802
678.8,0.06913551
679.14,0.070372334
679.48,0.070718719
679.82,0.071686291
680.16,0.072133524
680.5,0.07264683
680.84,0.073643771
681.18,0.074391609
681.51,0.075209552
681.85,0.076324878
682.19,0.076642914
682.53,0.078250386
682.87,0.07894593
683.21,0.079620476
683.55,0.080532646
683.89,0.081879746
684.23,0.083224227
684.56,0.083076893
684.9,0.084219609
685.24,0.084635347
685.58,0.086226315
685.92,0.088812106
686.26,0.091478956
686.6,0.095087341
686.93,0.097746964
687.27,0.097878035
687.61,0.098435354
687.95,0.097705961
688.29,0.098847896
688.63,0.099868472
688.96,0.101309877
689.3,0.101701433
689.64,0.102812563
689.98,0.103455816
690.32,0.104105046
690.65,0.105347453
690.99,0.106186595
691.33,0.107045931
691.67,0.109470906
692.01,0.111644748
692.34,0.113823073
692.68,0.115578841
693.02,0.119189264
693.36,0.121326735
693.69,0.124266083
694.03,0.127172604
694.37,0.129007332
694.71,0.131676636
695.04,0.134085121
695.38,0.136801168
695.72,0.138558761
696.06,0.141232296
696.39,0.143728843
696.73,0.146120807
697.07,0.149195894
697.4,0.153088904
697.74,0.15695249
698.08,0.159999888
698.42,0.16490512
698.75,0.169930637
699.09,0.173288562
699.43,0.178148435
699.76,0.181939889
700.1,0.187617774
700.44,0.192220088
700.77,0.196036194
701.11,0.20197003
701.45,0.205817002
701.78,0.210983119
702.12,0.215347484
702.45,0.221105027
702.79,0.225479563
703.13,0.229975124
703.46,0.235109181
703.8,0.239659978
704.14,0.244568915
704.47,0.250360816
704.81,0.256083411
705.14,0.261619094
705.48,0.265894529
705.82,0.272061202
706.15,0.277221828
706.49,0.282478222
706.82,0.288571275
707.16,0.293877462
707.5,0.299507116
707.83,0.304940174
708.17,0.310339897
708.5,0.317142178
708.84,0.323337961
709.17,0.328799553
709.51,0.335008311
709.84,0.340354145
710.18,0.345346798
710.52,0.352146598
710.85,0.357703811
711.19,0.362222754
711.52,0.367249002
711.86,0.37419547
712.19,0.379836202
712.53,0.385131742
712.86,0.39260208
713.2,0.398701055
713.53,0.403320601
713.87,0.409737815
714.2,0.416499281
714.54,0.421612998
714.87,0.430197914
715.21,0.433293426
715.54,0.440174596
715.88,0.447194054
716.21,0.454696534
716.54,0.461157459
716.88,0.472806307
717.21,0.480871552
717.55,0.487472538
717.88,0.49783945
718.22,0.503794376
718.55,0.51101262
718.88,0.51636059
719.22,0.526309875
719.55,0.529283096
719.89,0.533905279
720.22,0.537375582
720.56,0.537237269
720.89,0.540241563
721.22,0.541145899
721.56,0.543270144
721.89,0.548334002
722.22,0.550873983
722.56,0.55597288
722.89,0.561759063
723.23,0.568225676
723.56,0.572566898
723.89,0.580443046
724.23,0.583350922
724.56,0.590809814
724.89,0.592943205
725.23,0.597117053
725.56,0.603991542
725.89,0.607452603
726.23,0.612017046
726.56,0.614019591
726.89,0.619396392
727.23,0.622192221
727.56,0.625846936
727.89,0.630096517
728.23,0.630986283
728.56,0.633480535
728.89,0.639898108
729.22,0.643908039
729.56,0.645124934
729.89,0.647884798
730.22,0.64982305
730.55,0.652076927
730.89,0.655628751
731.22,0.657878837
731.55,0.66021396
731.89,0.655211583
732.22,0.659391356
732.55,0.659277457
732.88,0.660921325
733.21,0.66365756
733.55,0.663567955
733.88,0.664096832
734.21,0.665030421
734.54,0.670249032
734.88,0.6726738
735.21,0.673909307
735.54,0.674321119
735.87,0.678552225
736.2,0.68068738
736.54,0.684098166
736.87,0.680001882
737.2,0.683020562
737.53,0.68895654
737.86,0.687191159
738.19,0.688292663
738.53,0.692118836
738.86,0.694881393
739.19,0.693515489
739.52,0.695324748
739.85,0.695812309
740.18,0.698485104
740.51,0.69933938
740.85,0.6996875
741.18,0.704650112
741.51,0.700126751
741.84,0.703738497
742.17,0.708016073
742.5,0.706404343
742.83,0.707871886
743.16,0.710328065
743.49,0.709405569
743.82,0.710485617
744.16,0.711143379
744.49,0.712353975
744.82,0.712517191
745.15,0.716527679
745.48,0.715238795
745.81,0.715605851
746.14,0.71712814
746.47,0.718224398
746.8,0.716912734
747.13,0.719589381
747.46,0.722065688
747.79,0.719663756
748.12,0.723253422
748.45,0.721991719
748.78,0.723911761
749.11,0.725556808
749.44,0.725194684
749.77,0.727712109
750.1,0.726946991
750.43,0.728648145
750.76,0.727467701
751.09,0.729494093
751.42,0.728220355
751.75,0.729503549
752.08,0.730762219
752.41,0.729895274
752.74,0.733511448
753.07,0.729556751
753.4,0.730971292
753.73,0.730712265
754.06,0.733554067
754.39,0.734636646
754.72,0.734731827
755.05,0.734304601
755.38,0.735000383
755.71,0.736427751
756.03,0.736378888
756.36,0.737484101
756.69,0.736978663
757.02,0.739358914
757.35,0.738373879
757.68,0.739886754
758.01,0.739859524
758.34,0.740147644
758.67,0.745153834
758.99,0.746116506
759.32,0.756681695
759.65,0.766576436
759.98,0.780867099
760.31,0.786904327
760.64,0.790713977
760.97,0.788064012
761.29,0.77879556
761.62,0.780216832
761.95,0.779838219
762.28,0.78062683
762.61,0.781100372
762.94,0.782006558
763.26,0.777382028
763.59,0.779707893
763.92,0.774984939
764.25,0.767738644
764.58,0.77254094
764.9,0.766626881
765.23,0.764145981
765.56,0.759581418
765.89,0.76045969
766.22,0.754728548
766.54,0.752326355
766.87,0.751053931
767.2,0.753083161
767.53,0.749941683
767.85,0.751103832
768.18,0.74827724
768.51,0.748059938
768.84,0.748530301
769.16,0.749012159
769.49,0.748170191
769.82,0.751781488
770.15,0.747180139
770.47,0.749473439
770.8,0.748714246
771.13,0.749265035
771.45,0.748229098
771.78,0.751680683
772.11,0.749743136
772.43,0.747145949
772.76,0.748328151
773.09,0.749634968
773.41,0.746556534
773.74,0.753529247
774.07,0.752061576
774.39,0.749787903
774.72,0.752704987
775.05,0.749326764
775.37,0.749923713
775.7,0.751227111
776.03,0.754593537
776.35,0.755918138
776.68,0.750767769
777.01,0.755473304
777.33,0.751995608
777.66,0.754422104
777.98,0.752248741
778.31,0.753648923
778.64,0.755870229
778.96,0.755521861
779.29,0.754041114
779.61,0.754933051
779.94,0.753018446
780.27,0.759955589
780.59,0.758069541
780.92,0.755189464
781.24,0.757878008
781.57,0.754779342
781.89,0.757433816
782.22,0.759352111
782.54,0.75439585
782.87,0.757430528
783.19,0.75520677
783.52,0.760617757
783.85,0.756250764
784.17,0.759955487
784.5,0.75842246
784.82,0.760938149
785.15,0.762497667
785.47,0.760735028
785.8,0.761868219
786.12,0.760279053
786.45,0.762744825
786.77,0.758099041
787.1,0.765713584
787.42,0.764729217
787.74,0.75992533
788.07,0.765237408
788.39,0.764250423
788.72,0.760993497
789.04,0.765444651
789.37,0.765550978
789.69,0.767709975
790.02,0.762445421
790.34,0.766829021
790.66,0.766759488
790.99,0.764375204
791.31,0.763929418
791.64,0.766350176
791.96,0.760624679
792.29,0.765969327
792.61,0.767746267
792.93,0.765081128
793.26,0.768404995
793.58,0.765615655
793.9,0.766792677
794.23,0.767316349
794.55,0.769099184
794.88,0.77001395
795.2,0.769574981
795.52,0.770491738
795.85,0.771290233
796.17,0.77130366
796.49,0.768773429
796.82,0.770822582
797.14,0.771656852
797.46,0.768919166
797.79,0.769989837
798.11,0.769498924
798.43,0.768770431
798.76,0.77286689
799.08,0.769027343
799.4,0.77146692
799.73,0.770051505
800.05,0.768300164
800.37,0.777997961
800.69,0.774938019
801.02,0.772515241
801.34,0.772855483
801.66,0.771587946
801.98,0.772373105
802.31,0.769930112
802.63,0.772513592
802.95,0.773515744
803.27,0.765154601
803.6,0.769709201
803.92,0.773102936
804.24,0.76908249
804.56,0.774898573
804.89,0.775519097
805.21,0.772780483
805.53,0.773773359
805.85,0.772044199
806.17,0.775627962
806.5,0.772570924
806.82,0.774424863
807.14,0.77827913
807.46,0.779544567
807.78,0.776239645
808.11,0.77874943
808.43,0.772673092
808.75,0.777051434
809.07,0.781531587
809.39,0.777289557
809.71,0.782052365
810.03,0.778708021
810.36,0.776751529
810.68,0.783222292
811,0.777361022
811.32,0.777225561
811.64,0.778221239
811.96,0.777852681
812.28,0.780410488
812.6,0.783160085
812.93,0.783064343
813.25,0.788673372
813.57,0.783044026
813.89,0.788517802
814.21,0.780124036
814.53,0.78883947
814.85,0.794626258
815.17,0.784091234
815.49,0.787811878
815.81,0.788854494
816.13,0.795712842
816.45,0.788698701
816.77,0.796684337
817.09,0.789928605
817.41,0.80093512
817.73,0.796977462
818.06,0.789672989
818.38,0.79598812
818.7,0.793032661
819.02,0.792330568
819.34,0.791580593
819.66,0.791263237
819.98,0.793057504
820.3,0.797895824
820.62,0.797198871
820.94,0.795700019
821.26,0.797619997
821.57,0.794079868
821.89,0.787618736
822.21,0.796688177
822.53,0.795007975
822.85,0.796937548
823.17,0.792471792
823.49,0.794344883
823.81,0.798946414
824.13,0.796566952
824.45,0.797373084
824.77,0.798205726
825.09,0.801285819
825.41,0.795862225
825.73,0.801669103
826.05,0.800687493
826.36,0.796164862
826.68,0.797668058
827,0.79501286
827.32,0.799474245
827.64,0.805481799
827.96,0.794426178
828.28,0.802681694
828.6,0.798125946
828.92,0.794219612
829.23,0.794272293
829.55,0.795448068
829.87,0.797883974
830.19,0.79804177
830.51,0.795632158
830.83,0.796004914
831.14,0.806097741
831.46,0.796884719
831.78,0.801067199
832.1,0.802748518
832.42,0.796358408
832.74,0.80038608
833.05,0.796008223
833.37,0.797364846
833.69,0.797257562
834.01,0.797350887
834.32,0.798174785
834.64,0.803962981
834.96,0.801743937
835.28,0.805137447
835.6,0.795760351
835.91,0.79155787
836.23,0.801335113
836.55,0.800890989
836.87,0.800472824
837.18,0.798951472
837.5,0.808263145
837.82,0.802449019
838.13,0.79808479
838.45,0.794228824
838.77,0.796261733
839.09,0.797209936
839.4,0.794358011
839.72,0.805892776
840.04,0.799698347
840.35,0.799756478
840.67,0.798499881
840.99,0.799785211
841.3,0.800279571
841.62,0.807322535
841.94,0.801676935
842.25,0.798941032
842.57,0.800250762
842.89,0.802930489
843.2,0.8019938
843.52,0.806466745
843.84,0.795943737
844.15,0.795477212
844.47,0.804295861
844.79,0.796728179
845.1,0.799650772
845.42,0.79708095
845.73,0.800491918
846.05,0.796801306
846.37,0.802232836
846.68,0.799354073
847,0.793052283
847.31,0.797646824
847.63,0.798193895
847.94,0.799642943
848.26,0.798494872
848.58,0.79882134
848.89,0.805745174
849.21,0.801730743
849.52,0.796869241
849.84,0.799960325
850.15,0.799979205
850.47,0.805671572
850.78,0.804134859
851.1,0.798719458
851.41,0.802700895
851.73,0.797002611
852.04,0.800999733
852.36,0.806376423
852.67,0.796689258
852.99,0.798283042
853.3,0.806415825
853.62,0.802627342
853.93,0.809567185
854.25,0.798286951
854.56,0.804100429
854.88,0.801744435
855.19,0.80336159
855.51,0.802455753
855.82,0.802806571
856.14,0.799759592
856.45,0.795209431
856.77,0.801431283
857.08,0.799788703
857.39,0.808692882
857.71,0.79232067
858.02,0.803826012
858.34,0.796525151
858.65,0.802298113
858.96,0.803923889
859.28,0.804098054
859.59,0.796617668
859.91,0.802774873
860.22,0.809667752
860.53,0.8018689
860.85,0.800869588
861.16,0.799746232
861.47,0.80782537
861.79,0.798894794
862.1,0.801721923
862.42,0.800590334
862.73,0.803366012
863.04,0.804199612
863.36,0.804517858
863.67,0.806995141
863.98,0.803456809
864.3,0.80678561
864.61,0.80120225
864.92,0.799699492
865.23,0.798969156
865.55,0.796894008
865.86,0.8021382
866.17,0.803804793
866.49,0.801554161
866.8,0.807047436
867.11,0.804272853
867.42,0.807055118
867.74,0.80655599
868.05,0.796744651
868.36,0.801956515
868.67,0.802571333
868.99,0.805099526
869.3,0.807054943
869.61,0.801028607
869.92,0.798853699
870.24,0.799889454
870.55,0.810629837
870.86,0.802443456
871.17,0.803040213
871.49,0.803594263
871.8,0.804374338
872.11,0.815055708
872.42,0.804278388
872.73,0.811756346
873.04,0.809169506
873.36,0.802846425
873.67,0.802153329
873.98,0.805498624
874.29,0.805117079
874.6,0.805382804
874.91,0.814223654
875.23,0.807577968
875.54,0.809639849
875.85,0.803955738
876.16,0.805860173
876.47,0.807387331
876.78,0.802834491
877.09,0.802499518
877.4,0.810036803
877.72,0.79945918
878.03,0.806558502
878.34,0.811421914
878.65,0.8033029
878.96,0.808477641
879.27,0.811086298
879.58,0.808749341
879.89,0.802784836
880.2,0.811983468
880.51,0.809390617
880.82,0.807419082
881.13,0.806034438
881.45,0.806730859
881.76,0.804394347
882.07,0.800598768
882.38,0.806161647
882.69,0.809669996
883,0.806513613
883.31,0.810450519
883.62,0.815440624
883.93,0.812697115
884.24,0.80924029
884.55,0.802858683
884.86,0.810343012
885.17,0.798771601
885.48,0.818733131
885.79,0.804328285
886.1,0.811163193
886.41,0.806547247
886.72,0.815468672
887.03,0.817372512
887.33,0.81146455
887.64,0.812308687
887.95,0.804804818
888.26,0.816203476
888.57,0.799594394
888.88,0.810332049
889.19,0.800741611
889.5,0.804340124
889.81,0.813705305
890.12,0.807690476
890.43,0.811359637
890.74,0.808160654
891.05,0.805104596
891.35,0.804336408
891.66,0.807039548
891.97,0.803684272
892.28,0.810325089
892.59,0.810265028
892.9,0.813816926
893.21,0.805170187
893.51,0.816580929
893.82,0.80195851
894.13,0.802398921
894.44,0.801029133
894.75,0.821821071
895.06,0.821053981
895.36,0.801862178
895.67,0.82030897
895.98,0.798088824
896.29,0.829351385
896.6,0.80766974
896.91,0.815386764
897.21,0.792521022
897.52,0.796730068
897.83,0.802999129
898.14,0.801864585
898.44,0.788643395
898.75,0.817930967
899.06,0.824328125
899.37,0.806536502
899.68,0.796826275
899.98,0.801354039
900.29,0.802424327
900.6,0.808989956
900.9,0.810655686
901.21,0.802068027
901.52,0.803700997
901.83,0.789062357
902.13,0.80344987
902.44,0.796561633
902.75,0.799136409
903.05,0.81330372
903.36,0.805157247
903.67,0.810696332
903.98,0.804883805
904.28,0.804631325
904.59,0.814353759
904.9,0.805953782
905.2,0.812187519
905.51,0.791687082
905.82,0.811219919
906.12,0.806338529
906.43,0.798992054
906.73,0.792908061
907.04,0.803535424
907.35,0.809199029
907.65,0.810920705
907.96,0.786060376
908.27,0.784850853
908.57,0.82176794
908.88,0.787990514
909.18,0.795661171
909.49,0.804625754
909.8,0.786669536
910.1,0.792663297
910.41,0.819144037
910.71,0.795163021
911.02,0.805309626
911.32,0.807819785
911.63,0.788733921
911.94,0.816184314
912.24,0.820076089
912.55,0.826047894
912.85,0.811507573
913.16,0.795502786
913.46,0.796168745
913.77,0.791397318
914.07,0.784120649
914.38,0.830951953
914.68,0.811349915
914.99,0.818728015
915.29,0.832676954
915.6,0.804021422
915.9,0.832785184
916.21,0.783158726
916.51,0.797653401
916.82,0.780229332
917.12,0.775962626
917.43,0.785616262
917.73,0.806406496
918.03,0.765271342
918.34,0.777041617
918.64,0.772990689
918.95,0.798705595
919.25,0.789997293
919.56,0.791727438
919.86,0.780716939
920.16,0.78586982
920.47,0.809972903
920.77,0.798916782
921.08,0.80666047
921.38,0.797416862
921.68,0.799186826
921.99,0.783841629
922.29,0.779986357
922.6,0.788000711
922.9,0.772401967
923.2,0.784572991
923.51,0.800931544
923.81,0.794041057
924.11,0.785724719
924.42,0.766402765
924.72,0.784224606
925.02,0.775795524
925.33,0.788813038
925.63,0.792975537
925.93,0.755882013
926.24,0.777880901
926.54,0.779351906
926.84,0.777361621
927.15,0.748815609
927.45,0.792501443
927.75,0.777573195
928.05,0.715966679
928.36,0.751529524
928.66,0.719124086
928.96,0.728269462
929.27,0.823898432
929.57,0.738170177
929.87,0.710506697
930.17,0.83480991
930.48,0.767685146
930.78,0.722015233
931.08,0.645198122
931.38,0.606073023
931.68,0.51002204
931.99,0.404348822
932.29,0.531356777
932.59,0.378200007
932.89,0.176968473
933.19,0.535546906
933.5,0.048053691
933.8,50.99009901
934.1,-5.917016807
934.4,-0.262802168
934.7,0.104505723
935.01,-0.044913474
935.31,0.135828671
935.61,0.189098166
935.91,-0.062609457
936.21,0.085191083
936.51,-0.222908266
936.81,-0.065762185
937.12,0.326163611
937.42,-0.340687954
937.72,-0.63302906
938.02,-2.185674548
938.32,0.320543616
938.62,0.37995775
938.92,0.60486995
939.22,0.536896216
939.52,0.678014759
939.82,0.57013531
940.13,0.547340157
940.43,0.598830773
940.73,0.558871373
941.03,0.402417997
941.33,0.554409365
941.63,0.545382794
941.93,0.438937486
942.23,0.416654217
942.53,0.28518099
942.83,0.689907864
943.13,0.512150466
943.43,0.34021042
943.73,0.256086773
944.03,0.16711621
944.33,0.296529223
944.63,0.187363924
944.93,0.524132983
945.23,0.464831926
945.53,0.457739847
945.83,0.309054773
946.13,0.114576494
946.43,0.4110677
946.73,0.489776158
947.03,0.19665102
947.33,0.267095638
947.63,0.364766339
947.93,0.18540146
948.23,0.449814289
948.53,0.386607349
948.83,0.5999931
949.12,0.448462318
949.42,0.358755701
949.72,0.339743964
950.02,0.163319528
950.32,0.287792667
950.62,0.356468681
950.92,0.498956474
951.22,0.561761
951.52,0.417767937
951.82,0.401155412
952.11,0.093768643
952.41,0.243806462
952.71,0.347414389
953.01,0.344620111
953.31,0.3306783
953.61,0.410306059
953.91,0.49166268
954.2,0.156913446
954.5,0.150542079
954.8,0.252153797
955.1,0.442217439
955.4,0.354000569
955.69,0.263693715
955.99,0.108358458
956.29,0.219919721
956.59,0.375653152
956.89,0.271479595
957.18,0.439602752
957.48,0.455341696
957.78,0.436911699
958.08,0.580683124
958.37,0.392345584
958.67,0.376902767
958.97,0.167615948
959.27,-0.081921015
959.56,0.437839848
959.86,0.498359513
960.16,0.364830896
960.46,0.382247902
960.75,0.462557604
961.05,0.344834597
961.35,0.429759369
961.65,0.354633071
961.94,0.280453909
962.24,0.428891748
962.54,0.452070006
962.83,0.544916254
963.13,0.352911392
963.43,0.406802135
963.72,0.482557664
964.02,0.460186766
964.32,0.363111588
964.61,0.377579577
964.91,0.33479973
965.21,0.420741317
965.5,0.267939726
965.8,0.302408897
966.09,0.379798278
966.39,0.416903793
966.69,0.407771047
966.98,0.456704822
967.28,0.435371353
967.57,0.498214056
967.87,0.465823794
968.17,0.488441266
968.46,0.482786841
968.76,0.441958122
969.05,0.529235607
969.35,0.496203087
969.65,0.498487697
969.94,0.463325412
970.24,0.529083027
970.53,0.48913188
970.83,0.47961567
971.12,0.526008793
971.42,0.515699034
971.71,0.51335248
972.01,0.475868199
972.3,0.516073702
972.6,0.468919722
972.89,0.482080104
973.19,0.485697757
973.48,0.406395642
973.78,0.459336071
974.07,0.503907559
974.37,0.486231564
974.66,0.378597568
974.96,0.489846597
975.25,0.413516488
975.55,0.403445081
975.84,0.404705808
976.14,0.458043113
976.43,0.473446235
976.72,0.483535996
977.02,0.52750868
977.31,0.503820277
977.61,0.474937325
977.9,0.465295251
978.2,0.452586266
978.49,0.448950793
978.78,0.429356401
979.08,0.44442781
979.37,0.432943048
979.67,0.3891258
979.96,0.499724535
980.25,0.436006602
980.55,0.479866685
980.84,0.491194985
981.13,0.505110248
981.43,0.447393742
981.72,0.47941682
982.01,0.401631051
982.31,0.40682019
982.6,0.418000076
982.89,0.410474954
983.19,0.501058393
983.48,0.465042278
983.77,0.556974093
984.07,0.582981996
984.36,0.54599454
984.65,0.47762967
984.95,0.470148586
985.24,0.439236343
985.53,0.493132187
985.82,0.507610854
986.12,0.459912856
986.41,0.463439526
986.7,0.462920765
986.99,0.526633515
987.29,0.487264687
987.58,0.451992224
987.87,0.42069869
988.16,0.573592382
988.46,0.504374086
988.75,0.406646532
989.04,0.44890268
989.33,0.498622454
989.62,0.437840876
989.92,0.551058024
990.21,0.458891168
990.5,0.484690977
990.79,0.479302138
991.08,0.510227038
991.38,0.48895867
991.67,0.482764807
991.96,0.415005613
992.25,0.458383057
992.54,0.472523927
992.83,0.491945309
993.12,0.410375235
993.42,0.527146957
993.71,0.435108808
994,0.566455787
994.29,0.500983196
994.58,0.452903139
994.87,0.39949654
995.16,0.478849977
995.45,0.43066702
995.74,0.532276916
996.04,0.467566056
996.33,0.592294118
996.62,0.545762009
996.91,0.463245617
997.2,0.548948958
997.49,0.502372525
997.78,0.414915245
998.07,0.500886235
998.36,0.491057031
998.65,0.429808917
998.94,0.558537021
999.23,0.581709223
999.52,0.489840215
999.81,0.465708136
1000.1,0.414066589
1000.39,0.445317892
1000.68,0.430438477
1000.97,0.479187146
1001.26,0.42550751
1001.55,0.479390664
1001.84,0.332045815
1002.13,0.358480526
1002.42,0.371918161
1002.71,0.405945429
1003,0.319078781
1003.29,0.376311911
1003.58,0.494921075
1003.87,0.523779342
1004.16,0.509479697
1004.45,0.468873297
1004.74,0.613242497
1005.03,0.39350991
1005.31,0.433838769
1005.6,0.39168207
1005.89,0.514347519
1006.18,0.353667429
1006.47,0.36960576
1006.76,0.487416689
1007.05,0.355120861
1007.34,0.39384526
1007.63,0.450853054
1007.91,0.426150121
1008.2,0.325759735
1008.49,0.379458584
1008.78,0.385924523
1009.07,0.350891815
1009.36,0.241752199
1009.65,0.338957816
1009.93,0.263035738
1010.22,0.433698941
1010.51,0.324141689
1010.8,0.252714655
1011.09,0.233247677
1011.37,0.480663746
1011.66,0.302015205
1011.95,0.52288762
1012.24,0.13141319
1012.53,0.260757343
1012.81,0.234981808
1013.1,0.263531226
1013.39,0.413622272
1013.68,0.298575726
1013.96,0.286924245
1014.25,0.412287933
1014.54,0.324321342
1014.83,0.532851613
1015.11,0.347447459
1015.4,0.230845457
1015.69,0.383920658
1015.98,0.186476253
1016.26,0.278782636
1016.55,0.390216098
1016.84,0.258529942
1017.12,0.142130714
1017.41,0.136478305
1017.7,0.590872751
1017.98,0.421783235
1018.27,0.299165096
1018.56,0.1577559
1018.84,0.307358147
1019.13,0.452248336
1019.42,0.28015646
1019.7,0.059520419
1019.99,0.279918236
1020.28,0.03452237
1020.56,-0.040966515
1020.85,0.14905595
1021.13,0.108363708
1021.42,-0.079030674
1021.71,0.726595589
1021.99,-0.107679046
1022.28,0.106920129
1022.56,-0.144328194
1022.85,-0.559242085
1023.14,-0.242407735
1023.42,0.501722575
1023.71,0.14575791
1023.99,-0.172296043
1024.28,0.166651908
