Wavelength (nm),Panchromatic,Coastal,Blue,Green,Yellow,Red,Red Edge,NIR1,NIR2
350,5.53E-06,1.94E-06,7.50E-07,4.16E-07,3.12E-07,3.12E-07,1.32E-07,3.42E-07,2.75E-07
351,5.80E-06,2.47E-06,5.37E-07,3.55E-07,1.96E-07,2.20E-07,1.68E-07,1.72E-07,1.04E-06
352,6.07E-06,3.00E-06,3.24E-07,2.93E-07,7.91E-08,1.27E-07,2.04E-07,7.23E-12,1.82E-06
353,6.31E-06,3.67E-06,4.06E-07,2.27E-07,8.66E-08,1.16E-07,1.72E-07,1.15E-08,1.21E-05
354,6.55E-06,4.34E-06,4.88E-07,1.62E-07,9.42E-08,1.05E-07,1.40E-07,2.31E-08,2.24E-05
355,6.78E-06,3.27E-06,3.04E-07,1.32E-07,9.83E-08,6.94E-08,2.82E-07,2.43E-08,1.99E-05
356,5.82E-06,2.18E-06,1.23E-07,1.03E-07,1.02E-07,3.43E-08,4.22E-07,2.56E-08,1.74E-05
357,4.93E-06,2.58E-06,1.87E-07,1.36E-07,9.13E-08,3.80E-08,2.87E-07,4.98E-08,6.36E-05
358,4.02E-06,2.99E-06,2.53E-07,1.72E-07,7.97E-08,4.17E-08,1.47E-07,7.48E-08,1.11E-04
359,3.13E-06,2.38E-06,2.74E-07,1.68E-07,6.39E-08,6.08E-08,1.60E-07,8.04E-08,9.35E-05
360,2.18E-06,1.75E-06,2.95E-07,1.65E-07,4.72E-08,8.08E-08,1.71E-07,8.60E-08,7.48E-05
361,2.23E-06,2.48E-06,2.04E-07,1.30E-07,3.97E-08,5.42E-08,1.46E-07,4.50E-08,4.23E-05
362,2.28E-06,3.27E-06,1.02E-07,9.06E-08,3.13E-08,2.51E-08,1.17E-07,7.74E-12,6.51E-06
363,2.44E-06,3.42E-06,1.72E-07,1.09E-07,4.58E-08,5.58E-08,9.43E-08,1.31E-08,3.81E-06
364,2.57E-06,3.58E-06,2.52E-07,1.29E-07,6.25E-08,9.15E-08,6.57E-08,2.85E-08,5.42E-07
365,2.74E-06,3.56E-06,2.46E-07,1.50E-07,6.13E-08,9.27E-08,1.13E-07,4.98E-08,4.81E-07
366,2.99E-06,3.48E-06,2.36E-07,1.73E-07,5.88E-08,9.24E-08,1.67E-07,7.44E-08,3.98E-07
367,3.23E-06,4.07E-06,2.82E-07,1.92E-07,9.13E-08,1.05E-07,1.89E-07,8.65E-08,5.43E-07
368,3.48E-06,4.71E-06,3.33E-07,2.12E-07,1.28E-07,1.19E-07,2.12E-07,9.96E-08,7.06E-07
369,3.82E-06,3.93E-06,3.82E-07,2.47E-07,1.08E-07,1.57E-07,2.03E-07,7.99E-08,5.21E-07
370,4.13E-06,2.94E-06,4.35E-07,2.85E-07,8.19E-08,2.00E-07,1.90E-07,5.52E-08,2.89E-07
371,4.04E-06,4.49E-06,4.45E-07,2.64E-07,8.00E-08,1.63E-07,2.19E-07,3.26E-08,2.19E-07
372,3.89E-06,6.22E-06,4.51E-07,2.37E-07,7.68E-08,1.17E-07,2.50E-07,5.99E-09,1.35E-07
373,3.64E-06,6.21E-06,4.59E-07,2.78E-07,8.69E-08,1.34E-07,2.34E-07,2.91E-08,1.33E-07
374,3.33E-06,6.15E-06,4.65E-07,3.22E-07,9.80E-08,1.53E-07,2.15E-07,5.47E-08,1.30E-07
375,2.97E-06,5.37E-06,4.10E-07,2.49E-07,8.44E-08,1.38E-07,1.76E-07,2.87E-08,1.61E-07
376,3.35E-06,4.47E-06,3.47E-07,1.67E-07,6.91E-08,1.20E-07,1.32E-07,2.19E-11,1.94E-07
377,3.70E-06,4.83E-06,4.26E-07,2.77E-07,7.76E-08,1.52E-07,1.72E-07,1.78E-08,2.43E-07
378,4.06E-06,5.18E-06,5.10E-07,3.95E-07,8.61E-08,1.86E-07,2.14E-07,3.68E-08,2.95E-07
379,4.49E-06,6.27E-06,4.72E-07,3.86E-07,8.10E-08,1.74E-07,2.39E-07,3.28E-08,2.22E-07
380,4.95E-06,7.42E-06,4.31E-07,3.76E-07,7.48E-08,1.62E-07,2.65E-07,2.83E-08,1.41E-07
381,4.68E-06,9.02E-06,3.67E-07,2.80E-07,7.13E-08,1.21E-07,2.46E-07,1.46E-08,1.73E-07
382,4.40E-06,1.07E-05,2.98E-07,1.77E-07,6.75E-08,7.65E-08,2.26E-07,2.75E-11,2.05E-07
383,4.07E-06,1.63E-05,3.45E-07,2.56E-07,5.28E-08,1.20E-07,2.89E-07,7.62E-09,1.83E-07
384,3.72E-06,2.20E-05,3.92E-07,3.38E-07,3.77E-08,1.65E-07,3.54E-07,1.55E-08,1.60E-07
385,3.36E-06,4.54E-05,5.15E-07,4.25E-07,7.12E-08,2.37E-07,3.40E-07,3.07E-08,2.10E-07
386,3.49E-06,6.96E-05,6.42E-07,5.15E-07,1.06E-07,3.11E-07,3.26E-07,4.64E-08,2.60E-07
387,3.61E-06,1.38E-04,6.07E-07,4.80E-07,2.23E-07,3.04E-07,3.45E-07,4.58E-08,2.43E-07
388,3.73E-06,2.08E-04,5.71E-07,4.44E-07,3.43E-07,2.96E-07,3.65E-07,4.52E-08,2.26E-07
389,3.87E-06,4.18E-04,6.47E-07,4.32E-07,4.70E-07,3.26E-07,5.60E-07,7.47E-08,2.32E-07
390,4.01E-06,6.35E-04,7.24E-07,4.19E-07,6.01E-07,3.57E-07,7.60E-07,1.05E-07,2.37E-07
391,4.41E-06,1.26E-03,6.28E-07,4.10E-07,5.61E-06,2.56E-07,1.56E-06,5.32E-08,2.36E-07
392,4.82E-06,1.90E-03,5.29E-07,4.01E-07,1.08E-05,1.53E-07,2.37E-06,3.41E-11,2.36E-07
393,5.21E-06,4.93E-03,5.10E-07,3.64E-07,3.14E-05,1.93E-07,2.14E-06,2.44E-09,2.59E-07
394,5.60E-06,8.01E-03,4.92E-07,3.27E-07,5.23E-05,2.35E-07,1.92E-06,4.89E-09,2.82E-07
395,6.03E-06,2.74E-02,5.83E-07,3.70E-07,2.73E-05,2.51E-07,1.30E-06,8.25E-09,2.25E-07
396,5.65E-06,4.74E-02,6.78E-07,4.13E-07,1.53E-06,2.68E-07,6.66E-07,1.17E-08,1.67E-07
397,5.24E-06,1.04E-01,7.18E-07,4.73E-07,8.13E-07,3.42E-07,1.08E-06,3.74E-08,1.90E-07
398,4.83E-06,1.62E-01,7.59E-07,5.33E-07,8.81E-08,4.18E-07,1.51E-06,6.38E-08,2.13E-07
399,4.39E-06,2.58E-01,1.77E-06,4.88E-07,4.99E-08,3.57E-07,1.76E-06,1.21E-07,2.14E-07
400,3.95E-06,3.56E-01,2.80E-06,4.43E-07,1.06E-08,2.95E-07,2.02E-06,1.79E-07,2.14E-07
401,3.82E-06,4.59E-01,2.65E-06,4.66E-07,4.49E-08,2.98E-07,1.44E-06,9.01E-08,1.79E-07
402,3.68E-06,5.63E-01,2.50E-06,4.88E-07,7.91E-08,3.01E-07,8.59E-07,3.81E-11,1.41E-07
403,3.54E-06,6.22E-01,2.30E-06,4.82E-07,5.99E-08,3.01E-07,1.42E-06,5.49E-08,1.43E-07
404,3.40E-06,6.82E-01,2.12E-06,4.76E-07,4.04E-08,3.00E-07,1.98E-06,1.10E-07,1.45E-07
405,3.27E-06,7.01E-01,1.65E-06,4.95E-07,3.13E-08,2.87E-07,1.64E-06,1.04E-07,1.78E-07
406,3.45E-06,7.20E-01,1.19E-06,5.15E-07,2.22E-08,2.74E-07,1.30E-06,9.83E-08,2.11E-07
407,3.63E-06,7.33E-01,1.07E-06,5.01E-07,8.03E-08,3.37E-07,1.10E-06,9.77E-08,2.24E-07
408,3.82E-06,7.46E-01,9.57E-07,4.87E-07,1.39E-07,4.02E-07,8.96E-07,9.65E-08,2.36E-07
409,4.01E-06,7.56E-01,1.76E-06,5.04E-07,1.57E-07,4.08E-07,9.40E-07,9.64E-08,3.20E-07
410,4.19E-06,7.65E-01,2.57E-06,5.21E-07,1.75E-07,4.14E-07,9.78E-07,9.63E-08,4.05E-07
411,4.59E-06,7.73E-01,3.87E-06,4.60E-07,1.88E-07,3.90E-07,1.05E-06,1.39E-07,3.11E-07
412,4.98E-06,7.82E-01,5.18E-06,3.98E-07,2.01E-07,3.65E-07,1.13E-06,1.81E-07,2.19E-07
413,5.42E-06,7.94E-01,7.13E-06,3.82E-07,1.84E-07,3.55E-07,9.97E-07,1.70E-07,2.13E-07
414,5.86E-06,8.07E-01,9.12E-06,3.66E-07,1.67E-07,3.45E-07,8.66E-07,1.58E-07,2.08E-07
415,6.29E-06,8.17E-01,1.35E-05,3.59E-07,1.35E-07,6.23E-07,8.77E-07,8.63E-08,1.58E-07
416,5.73E-06,8.27E-01,1.79E-05,3.52E-07,1.02E-07,9.05E-07,8.88E-07,1.42E-08,1.07E-07
417,5.14E-06,8.35E-01,2.43E-05,4.69E-07,1.62E-07,6.86E-07,1.61E-06,5.04E-08,1.35E-07
418,4.56E-06,8.42E-01,3.08E-05,5.86E-07,2.23E-07,4.61E-07,2.34E-06,8.65E-08,1.65E-07
419,3.98E-06,8.52E-01,3.60E-05,4.62E-07,2.13E-07,3.73E-07,1.74E-06,9.06E-08,1.19E-07
420,3.40E-06,8.62E-01,4.12E-05,3.38E-07,2.02E-07,2.85E-07,1.15E-06,9.41E-08,7.18E-08
421,4.46E-06,8.70E-01,4.55E-05,4.27E-07,1.94E-07,3.03E-07,1.09E-06,7.26E-08,1.16E-07
422,5.54E-06,8.79E-01,4.98E-05,5.18E-07,1.87E-07,3.22E-07,1.02E-06,5.06E-08,1.61E-07
423,6.62E-06,8.88E-01,5.33E-05,4.59E-07,3.36E-07,2.90E-07,7.41E-07,5.24E-08,2.16E-07
424,7.69E-06,8.97E-01,5.69E-05,3.99E-07,4.86E-07,2.58E-07,4.53E-07,5.42E-08,2.71E-07
425,8.84E-06,9.05E-01,7.01E-05,3.74E-07,3.33E-07,2.85E-07,7.41E-07,1.02E-07,2.30E-07
426,9.51E-06,9.13E-01,8.33E-05,3.49E-07,1.80E-07,3.11E-07,1.04E-06,1.50E-07,1.89E-07
427,1.02E-05,9.16E-01,1.17E-04,3.62E-07,2.14E-07,2.86E-07,1.03E-06,1.45E-07,1.72E-07
428,1.08E-05,9.18E-01,1.50E-04,3.76E-07,2.49E-07,2.60E-07,1.02E-06,1.40E-07,1.56E-07
429,1.14E-05,9.23E-01,2.43E-04,3.48E-07,2.54E-07,2.88E-07,5.33E-06,1.11E-07,1.42E-07
430,1.21E-05,9.27E-01,3.37E-04,3.21E-07,2.58E-07,3.15E-07,9.68E-06,8.09E-08,1.28E-07
431,2.72E-05,9.36E-01,5.49E-04,3.45E-07,3.22E-07,3.39E-07,3.78E-05,1.56E-07,1.74E-07
432,4.23E-05,9.44E-01,7.62E-04,3.69E-07,3.87E-07,3.63E-07,6.63E-05,2.32E-07,2.22E-07
433,5.75E-05,9.51E-01,1.15E-03,4.61E-07,3.78E-07,2.89E-07,3.55E-05,2.02E-07,1.73E-07
434,7.27E-05,9.59E-01,1.55E-03,5.54E-07,3.69E-07,2.15E-07,4.63E-06,1.73E-07,1.24E-07
435,8.81E-05,9.65E-01,2.28E-03,4.62E-07,4.30E-07,1.62E-07,2.51E-06,1.04E-07,1.14E-07
436,1.62E-04,9.71E-01,3.01E-03,3.69E-07,4.90E-07,1.09E-07,3.73E-07,3.43E-08,1.03E-07
437,2.35E-04,9.77E-01,4.62E-03,3.20E-07,4.31E-07,1.65E-07,3.57E-07,7.30E-08,5.51E-07
438,3.09E-04,9.82E-01,6.24E-03,2.71E-07,3.72E-07,2.22E-07,3.40E-07,1.12E-07,1.00E-06
439,3.84E-04,9.84E-01,1.30E-02,2.22E-07,6.99E-07,2.50E-07,5.84E-07,8.48E-07,1.09E-06
440,4.60E-04,9.86E-01,1.98E-02,1.75E-07,1.03E-06,2.79E-07,8.32E-07,1.60E-06,1.19E-06
441,9.51E-04,9.87E-01,3.89E-02,2.25E-07,3.13E-06,1.98E-07,1.55E-05,4.78E-06,6.70E-07
442,1.45E-03,9.87E-01,5.82E-02,2.78E-07,5.26E-06,1.15E-07,3.02E-05,8.01E-06,1.48E-07
443,1.94E-03,9.91E-01,1.05E-01,3.77E-07,4.75E-06,2.76E-07,1.76E-05,4.23E-06,1.48E-07
444,2.44E-03,9.94E-01,1.53E-01,4.75E-07,4.24E-06,4.36E-07,4.93E-06,4.52E-07,1.48E-07
445,2.95E-03,9.97E-01,2.45E-01,5.34E-07,3.23E-06,3.78E-07,2.59E-06,3.69E-07,2.13E-07
446,2.40E-02,1.00E+00,3.38E-01,5.93E-07,2.21E-06,3.20E-07,2.30E-07,2.85E-07,2.78E-07
447,4.52E-02,9.83E-01,4.48E-01,4.36E-07,1.53E-06,2.53E-07,2.32E-07,1.57E-07,1.35E-06
448,6.66E-02,9.66E-01,5.59E-01,2.78E-07,8.43E-07,1.86E-07,2.35E-07,2.78E-08,2.44E-06
449,8.77E-02,9.10E-01,6.30E-01,4.22E-07,6.93E-07,2.50E-07,2.17E-07,2.04E-07,1.83E-06
450,1.10E-01,8.54E-01,7.01E-01,5.66E-07,5.38E-07,3.14E-07,1.98E-07,3.81E-07,1.22E-06
451,1.74E-01,7.53E-01,7.27E-01,6.15E-07,4.29E-07,2.94E-07,2.66E-07,3.12E-07,1.01E-06
452,2.38E-01,6.53E-01,7.52E-01,6.63E-07,3.19E-07,2.74E-07,3.34E-07,2.42E-07,7.93E-07
453,3.04E-01,5.23E-01,7.63E-01,5.46E-07,3.70E-07,2.72E-07,2.37E-07,2.87E-07,8.64E-07
454,3.70E-01,3.93E-01,7.74E-01,4.27E-07,4.23E-07,2.70E-07,1.40E-07,3.33E-07,9.35E-07
455,4.36E-01,2.82E-01,7.78E-01,4.58E-07,3.93E-07,3.05E-07,1.28E-07,3.27E-07,5.67E-07
456,4.46E-01,1.69E-01,7.83E-01,4.88E-07,3.63E-07,3.41E-07,1.15E-07,3.22E-07,1.95E-07
457,4.56E-01,1.10E-01,7.87E-01,5.06E-07,3.53E-07,2.47E-07,1.54E-07,2.78E-07,1.69E-07
458,4.67E-01,5.07E-02,7.91E-01,5.23E-07,3.42E-07,1.53E-07,1.93E-07,2.33E-07,1.43E-07
459,4.77E-01,2.99E-02,7.95E-01,1.41E-06,5.33E-07,1.00E-06,1.87E-07,2.61E-07,9.10E-08
460,4.88E-01,8.95E-03,8.00E-01,2.31E-06,7.26E-07,1.87E-06,1.82E-07,2.87E-07,3.90E-08
461,4.91E-01,5.28E-03,8.00E-01,3.11E-06,7.21E-07,3.08E-06,1.67E-07,3.42E-07,1.95E-08
462,4.93E-01,1.61E-03,8.00E-01,3.92E-06,7.17E-07,4.28E-06,1.52E-07,3.97E-07,1.11E-10
463,4.97E-01,1.06E-03,8.03E-01,4.93E-06,5.64E-07,2.60E-06,1.55E-07,3.71E-07,1.22E-07
464,5.01E-01,5.04E-04,8.06E-01,5.95E-06,4.08E-07,9.13E-07,1.57E-07,3.45E-07,2.44E-07
465,5.05E-01,3.61E-04,8.10E-01,8.51E-06,5.09E-07,7.96E-07,1.63E-07,5.22E-07,4.14E-07
466,5.08E-01,2.17E-04,8.14E-01,1.11E-05,6.09E-07,6.85E-07,1.69E-07,6.99E-07,5.85E-07
467,5.13E-01,1.70E-04,8.19E-01,1.22E-05,5.35E-07,6.46E-07,1.24E-07,6.43E-07,3.01E-07
468,5.18E-01,1.21E-04,8.24E-01,1.34E-05,4.59E-07,6.06E-07,7.82E-08,5.86E-07,1.45E-08
469,5.22E-01,9.63E-05,8.25E-01,1.37E-05,4.47E-07,8.94E-07,1.14E-07,4.81E-07,1.15E-08
470,5.26E-01,7.12E-05,8.26E-01,1.41E-05,4.33E-07,1.18E-06,1.49E-07,3.76E-07,8.46E-09
471,5.27E-01,5.86E-05,8.28E-01,1.44E-05,5.57E-07,2.03E-06,3.26E-07,3.75E-07,4.29E-09
472,5.28E-01,4.62E-05,8.29E-01,1.48E-05,6.82E-07,2.87E-06,5.03E-07,3.74E-07,1.12E-10
473,5.31E-01,2.99E-05,8.33E-01,1.70E-05,6.74E-07,1.93E-06,5.93E-07,3.86E-07,1.89E-06
474,5.33E-01,1.36E-05,8.37E-01,1.92E-05,6.66E-07,9.92E-07,6.85E-07,4.00E-07,3.79E-06
475,5.36E-01,1.15E-05,8.42E-01,1.98E-05,7.06E-07,9.55E-07,7.84E-07,7.36E-07,3.68E-06
476,5.33E-01,9.44E-06,8.48E-01,2.03E-05,7.45E-07,9.25E-07,8.81E-07,1.08E-06,3.57E-06
477,5.31E-01,9.54E-06,8.58E-01,2.09E-05,7.12E-07,9.28E-07,1.40E-06,1.28E-06,1.96E-06
478,5.29E-01,9.64E-06,8.68E-01,2.15E-05,6.78E-07,9.23E-07,1.91E-06,1.48E-06,3.40E-07
479,5.25E-01,7.40E-06,8.73E-01,2.20E-05,6.93E-07,7.41E-07,1.38E-06,1.04E-06,2.77E-07
480,5.22E-01,5.14E-06,8.78E-01,2.26E-05,7.07E-07,5.62E-07,8.51E-07,6.08E-07,2.15E-07
481,5.24E-01,8.17E-06,8.78E-01,2.36E-05,7.12E-07,9.05E-07,2.24E-06,5.70E-07,1.38E-07
482,5.26E-01,1.12E-05,8.77E-01,2.46E-05,7.17E-07,1.24E-06,3.63E-06,5.32E-07,6.01E-08
483,5.29E-01,1.12E-05,8.77E-01,2.86E-05,6.36E-07,1.45E-06,7.93E-06,1.36E-06,1.42E-07
484,5.31E-01,1.11E-05,8.76E-01,3.26E-05,5.54E-07,1.65E-06,1.22E-05,2.19E-06,2.24E-07
485,5.34E-01,1.10E-05,8.78E-01,3.56E-05,6.98E-07,1.28E-06,1.38E-05,1.60E-06,6.80E-07
486,5.33E-01,1.09E-05,8.81E-01,3.88E-05,8.43E-07,9.09E-07,1.54E-05,1.01E-06,1.14E-06
487,5.30E-01,1.08E-05,8.85E-01,4.19E-05,7.10E-07,1.21E-06,1.04E-05,7.14E-07,9.56E-07
488,5.27E-01,1.08E-05,8.90E-01,4.51E-05,5.77E-07,1.51E-06,5.42E-06,4.24E-07,7.71E-07
489,5.25E-01,9.92E-06,8.99E-01,5.57E-05,6.53E-07,2.23E-06,4.66E-06,4.48E-07,4.03E-07
490,5.23E-01,9.09E-06,9.08E-01,6.64E-05,7.30E-07,2.95E-06,3.88E-06,4.73E-07,3.20E-08
491,5.31E-01,9.07E-06,9.17E-01,8.94E-05,6.54E-07,2.36E-06,3.18E-06,5.38E-07,1.63E-07
492,5.38E-01,9.07E-06,9.27E-01,1.12E-04,5.78E-07,1.76E-06,2.48E-06,6.04E-07,2.95E-07
493,5.44E-01,1.11E-05,9.34E-01,1.75E-04,5.49E-07,1.97E-06,8.91E-06,5.23E-07,2.17E-07
494,5.50E-01,1.32E-05,9.40E-01,2.38E-04,5.20E-07,2.17E-06,1.54E-05,4.41E-07,1.38E-07
495,5.57E-01,1.17E-05,9.50E-01,3.96E-04,3.37E-07,2.88E-06,1.53E-05,3.36E-07,1.35E-07
496,5.57E-01,1.02E-05,9.60E-01,5.55E-04,1.54E-07,3.60E-06,1.54E-05,2.30E-07,1.33E-07
497,5.58E-01,7.68E-06,9.71E-01,9.41E-04,3.50E-07,2.65E-06,1.18E-05,1.91E-07,6.68E-08
498,5.58E-01,5.09E-06,9.82E-01,1.33E-03,5.47E-07,1.68E-06,8.09E-06,1.50E-07,1.26E-10
499,5.58E-01,3.20E-06,9.91E-01,2.21E-03,3.61E-07,1.61E-06,4.66E-06,2.33E-07,3.68E-07
500,5.58E-01,1.31E-06,1.00E+00,3.09E-03,1.75E-07,1.54E-06,1.20E-06,3.18E-07,7.36E-07
501,5.67E-01,1.41E-06,9.97E-01,5.40E-03,2.78E-07,2.06E-06,8.66E-07,2.26E-07,9.19E-07
502,5.76E-01,1.52E-06,9.93E-01,7.71E-03,3.81E-07,2.57E-06,5.28E-07,1.33E-07,1.10E-06
503,5.86E-01,1.23E-06,9.65E-01,1.45E-02,2.46E-07,1.97E-06,2.56E-06,1.50E-07,5.70E-07
504,5.96E-01,9.45E-07,9.36E-01,2.13E-02,1.12E-07,1.36E-06,4.61E-06,1.66E-07,3.45E-08
505,6.06E-01,8.63E-07,8.56E-01,4.05E-02,2.23E-07,8.29E-07,4.22E-06,2.50E-07,2.66E-08
506,6.09E-01,7.78E-07,7.75E-01,5.98E-02,3.35E-07,2.95E-07,3.84E-06,3.33E-07,1.84E-08
507,6.14E-01,6.73E-07,6.55E-01,1.09E-01,2.62E-07,2.52E-07,2.24E-06,3.75E-07,6.00E-08
508,6.18E-01,5.66E-07,5.33E-01,1.59E-01,1.90E-07,2.09E-07,6.26E-07,4.18E-07,1.02E-07
509,6.22E-01,6.34E-07,4.16E-01,2.55E-01,1.78E-07,2.55E-07,4.14E-07,3.17E-07,1.54E-07
510,6.27E-01,7.02E-07,2.98E-01,3.52E-01,1.67E-07,3.01E-07,2.01E-07,2.16E-07,2.06E-07
511,6.21E-01,8.01E-07,2.21E-01,4.63E-01,1.67E-07,2.79E-07,1.86E-07,3.11E-07,2.74E-07
512,6.16E-01,9.01E-07,1.45E-01,5.74E-01,1.66E-07,2.56E-07,1.70E-07,4.07E-07,3.45E-07
513,6.09E-01,8.74E-07,1.07E-01,6.38E-01,1.55E-07,2.17E-07,1.92E-07,2.68E-07,3.93E-07
514,6.01E-01,8.49E-07,6.85E-02,7.01E-01,1.43E-07,1.79E-07,2.12E-07,1.29E-07,4.43E-07
515,5.95E-01,9.39E-07,5.04E-02,7.23E-01,1.36E-07,2.45E-07,1.28E-07,2.90E-07,8.02E-07
516,6.02E-01,1.03E-06,3.21E-02,7.45E-01,1.28E-07,3.11E-07,4.30E-08,4.51E-07,1.16E-06
517,6.08E-01,1.09E-06,2.28E-02,7.55E-01,2.29E-07,2.59E-07,8.29E-08,4.04E-07,9.81E-07
518,6.16E-01,1.15E-06,1.36E-02,7.65E-01,3.32E-07,2.06E-07,1.23E-07,3.56E-07,7.98E-07
519,6.23E-01,1.07E-06,9.66E-03,7.72E-01,2.35E-07,1.99E-07,1.53E-07,3.34E-07,6.25E-07
520,6.31E-01,9.85E-07,5.73E-03,7.79E-01,1.39E-07,1.91E-07,1.83E-07,3.11E-07,4.48E-07
521,6.38E-01,8.05E-07,4.51E-03,7.82E-01,1.44E-07,2.11E-07,1.48E-07,3.73E-07,3.57E-07
522,6.45E-01,6.26E-07,3.29E-03,7.85E-01,1.48E-07,2.32E-07,1.12E-07,4.35E-07,2.66E-07
523,6.54E-01,8.64E-07,2.65E-03,7.92E-01,3.39E-07,1.80E-07,1.09E-07,3.62E-07,2.20E-07
524,6.62E-01,1.11E-06,2.01E-03,7.99E-01,5.30E-07,1.29E-07,1.06E-07,2.88E-07,1.73E-07
525,6.72E-01,8.99E-07,1.66E-03,8.07E-01,3.57E-07,1.14E-07,1.12E-07,1.80E-07,2.17E-07
526,6.67E-01,6.91E-07,1.30E-03,8.15E-01,1.82E-07,1.00E-07,1.19E-07,7.16E-08,2.62E-07
527,6.65E-01,1.06E-06,1.09E-03,8.24E-01,2.74E-07,5.69E-08,1.17E-07,1.05E-07,1.86E-06
528,6.62E-01,1.43E-06,8.73E-04,8.33E-01,3.67E-07,1.36E-08,1.16E-07,1.39E-07,3.46E-06
529,6.58E-01,2.52E-06,7.39E-04,8.37E-01,4.38E-07,1.20E-07,1.66E-07,1.26E-07,6.12E-06
530,6.55E-01,3.63E-06,6.05E-04,8.41E-01,5.09E-07,2.27E-07,2.16E-07,1.13E-07,8.78E-06
531,6.62E-01,2.59E-06,5.13E-04,8.41E-01,3.89E-07,1.37E-07,1.51E-07,6.19E-08,4.82E-06
532,6.68E-01,1.56E-06,4.21E-04,8.42E-01,2.69E-07,4.60E-08,8.45E-08,1.06E-08,8.62E-07
533,6.77E-01,9.96E-07,3.62E-04,8.43E-01,1.95E-07,2.32E-08,1.27E-07,4.64E-08,5.49E-07
534,6.85E-01,4.30E-07,3.03E-04,8.43E-01,1.20E-07,7.26E-11,1.69E-07,8.24E-08,2.37E-07
535,6.93E-01,4.01E-07,2.59E-04,8.44E-01,2.02E-07,2.42E-08,1.61E-07,4.67E-08,3.83E-07
536,6.93E-01,3.71E-07,2.16E-04,8.45E-01,2.84E-07,4.83E-08,1.53E-07,1.08E-08,5.29E-07
537,6.92E-01,4.71E-07,1.84E-04,8.46E-01,2.28E-07,2.43E-08,1.63E-07,1.63E-08,2.87E-06
538,6.90E-01,5.72E-07,1.52E-04,8.47E-01,1.72E-07,7.39E-11,1.73E-07,2.17E-08,5.22E-06
539,6.89E-01,4.19E-07,1.31E-04,8.49E-01,1.48E-07,3.31E-08,1.45E-07,1.09E-08,4.95E-06
540,6.88E-01,2.69E-07,1.09E-04,8.50E-01,1.24E-07,6.62E-08,1.16E-07,8.31E-11,4.68E-06
541,6.85E-01,4.05E-07,9.55E-05,8.55E-01,2.64E-07,4.27E-08,1.13E-07,1.10E-08,2.40E-06
542,6.81E-01,5.43E-07,8.19E-05,8.59E-01,4.04E-07,1.90E-08,1.10E-07,2.21E-08,1.07E-07
543,6.76E-01,4.28E-07,7.08E-05,8.60E-01,3.18E-07,1.03E-07,1.20E-07,3.78E-08,7.68E-08
544,6.70E-01,3.15E-07,5.96E-05,8.61E-01,2.32E-07,1.88E-07,1.31E-07,5.35E-08,4.65E-08
545,6.65E-01,3.70E-07,5.14E-05,8.64E-01,3.63E-07,1.42E-07,6.99E-08,1.06E-07,2.99E-07
546,6.73E-01,4.26E-07,4.30E-05,8.66E-01,4.93E-07,9.61E-08,8.60E-09,1.60E-07,5.51E-07
547,6.80E-01,8.52E-06,4.91E-05,8.68E-01,2.67E-06,9.07E-08,1.31E-08,1.32E-07,1.57E-06
548,6.87E-01,1.66E-05,5.50E-05,8.70E-01,4.85E-06,8.53E-08,1.76E-08,1.05E-07,2.59E-06
549,6.94E-01,7.90E-05,6.08E-05,8.76E-01,5.93E-06,1.02E-07,2.24E-08,5.77E-08,1.81E-06
550,7.02E-01,1.42E-04,6.67E-05,8.83E-01,7.00E-06,1.19E-07,2.72E-08,1.07E-08,1.03E-06
551,7.03E-01,7.25E-05,6.43E-05,8.89E-01,6.85E-06,7.63E-08,6.98E-08,4.61E-08,5.67E-07
552,7.04E-01,3.10E-06,6.20E-05,8.96E-01,6.69E-06,3.31E-08,1.12E-07,8.14E-08,1.04E-07
553,7.08E-01,1.69E-06,6.27E-05,9.06E-01,5.78E-06,4.16E-08,1.35E-07,7.69E-08,9.09E-08
554,7.11E-01,2.54E-07,6.33E-05,9.16E-01,4.88E-06,5.01E-08,1.56E-07,7.23E-08,7.82E-08
555,7.14E-01,3.07E-07,6.07E-05,9.24E-01,4.37E-06,7.59E-08,1.55E-07,9.95E-08,1.50E-07
556,7.12E-01,3.60E-07,5.79E-05,9.33E-01,3.87E-06,1.02E-07,1.54E-07,1.27E-07,2.21E-07
557,7.11E-01,3.03E-07,5.88E-05,9.39E-01,4.56E-06,1.94E-07,1.52E-07,1.45E-07,1.57E-07
558,7.09E-01,2.46E-07,5.99E-05,9.45E-01,5.26E-06,2.87E-07,1.48E-07,1.64E-07,9.14E-08
559,7.09E-01,3.83E-07,6.12E-05,9.54E-01,4.54E-06,2.03E-07,2.53E-07,1.28E-07,1.20E-07
560,7.10E-01,5.20E-07,6.26E-05,9.62E-01,3.83E-06,1.18E-07,3.59E-07,9.13E-08,1.49E-07
561,7.22E-01,5.21E-07,5.80E-05,9.68E-01,5.74E-06,7.70E-08,1.07E-06,4.57E-08,9.01E-08
562,7.33E-01,5.22E-07,5.35E-05,9.74E-01,7.67E-06,3.63E-08,1.79E-06,8.50E-11,3.13E-08
563,7.44E-01,4.54E-07,5.62E-05,9.79E-01,1.46E-05,9.48E-08,2.26E-06,4.30E-08,1.57E-08
564,7.55E-01,3.87E-07,5.88E-05,9.83E-01,2.16E-05,1.54E-07,2.73E-06,8.59E-08,1.66E-10
565,7.66E-01,2.69E-07,5.87E-05,9.86E-01,2.67E-05,8.64E-08,2.08E-06,7.49E-08,1.66E-10
566,7.64E-01,1.51E-07,5.88E-05,9.88E-01,3.17E-05,1.91E-08,1.45E-06,6.38E-08,1.66E-10
567,7.63E-01,2.58E-07,5.21E-05,9.93E-01,4.89E-05,4.92E-08,1.02E-06,7.06E-08,1.66E-10
568,7.62E-01,3.64E-07,4.55E-05,9.97E-01,6.61E-05,7.97E-08,6.05E-07,7.76E-08,1.66E-10
569,7.60E-01,2.15E-07,4.74E-05,9.98E-01,9.66E-05,1.52E-07,7.53E-07,3.88E-08,4.30E-09
570,7.58E-01,6.51E-08,4.94E-05,1.00E+00,1.27E-04,2.24E-07,9.03E-07,9.36E-11,8.46E-09
571,7.59E-01,3.26E-08,4.74E-05,9.98E-01,1.97E-04,1.59E-07,1.24E-06,9.39E-11,4.31E-09
572,7.59E-01,1.77E-10,4.53E-05,9.95E-01,2.66E-04,9.37E-08,1.60E-06,9.41E-11,1.61E-10
573,7.59E-01,1.76E-10,3.76E-05,9.91E-01,4.23E-04,1.12E-07,2.41E-06,7.47E-08,1.59E-10
574,7.59E-01,1.75E-10,3.00E-05,9.86E-01,5.79E-04,1.31E-07,3.21E-06,1.49E-07,1.58E-10
575,7.60E-01,2.07E-07,3.10E-05,9.79E-01,8.95E-04,1.33E-07,3.11E-06,7.50E-08,1.56E-10
576,7.68E-01,4.14E-07,3.21E-05,9.72E-01,1.21E-03,1.34E-07,3.01E-06,9.33E-11,1.55E-10
577,7.76E-01,1.18E-06,3.06E-05,9.29E-01,1.89E-03,2.31E-07,3.06E-06,9.30E-11,9.00E-08
578,7.84E-01,1.95E-06,2.89E-05,8.86E-01,2.56E-03,3.28E-07,3.12E-06,9.26E-11,1.80E-07
579,7.89E-01,1.83E-06,2.32E-05,7.75E-01,4.22E-03,2.67E-07,3.80E-06,9.19E-11,7.24E-07
580,7.94E-01,1.71E-06,1.74E-05,6.64E-01,5.88E-03,2.07E-07,4.49E-06,9.12E-11,1.26E-06
581,7.96E-01,1.11E-06,1.75E-05,5.10E-01,1.08E-02,2.72E-07,5.57E-06,1.28E-08,6.57E-07
582,7.97E-01,5.01E-07,1.75E-05,3.56E-01,1.57E-02,3.36E-07,6.66E-06,2.57E-08,4.86E-08
583,7.99E-01,2.52E-07,1.74E-05,2.47E-01,3.74E-02,4.00E-07,6.74E-06,1.29E-08,1.42E-07
584,8.02E-01,1.89E-10,1.71E-05,1.38E-01,5.92E-02,4.63E-07,6.82E-06,8.99E-11,2.37E-07
585,8.01E-01,9.78E-08,1.43E-05,9.29E-02,1.35E-01,5.12E-07,6.05E-06,2.96E-08,2.94E-07
586,8.04E-01,1.96E-07,1.15E-05,4.83E-02,2.10E-01,5.60E-07,5.28E-06,5.91E-08,3.52E-07
587,8.08E-01,1.37E-07,1.11E-05,3.30E-02,3.29E-01,5.79E-07,5.11E-06,6.66E-08,2.24E-07
588,8.14E-01,7.78E-08,1.07E-05,1.75E-02,4.49E-01,5.99E-07,4.94E-06,7.43E-08,9.52E-08
589,8.17E-01,3.01E-07,1.17E-05,1.15E-02,5.56E-01,7.15E-07,6.02E-06,6.96E-08,1.59E-07
590,8.19E-01,5.26E-07,1.28E-05,5.56E-03,6.64E-01,8.29E-07,7.09E-06,6.50E-08,2.23E-07
591,8.20E-01,1.48E-06,1.12E-05,4.19E-03,7.49E-01,8.14E-07,8.85E-06,3.26E-08,3.78E-07
592,8.21E-01,2.44E-06,9.61E-06,2.81E-03,8.35E-01,8.00E-07,1.06E-05,9.30E-11,5.34E-07
593,8.21E-01,3.29E-06,8.77E-06,2.14E-03,8.61E-01,9.13E-07,1.20E-05,9.41E-11,5.34E-07
594,8.21E-01,4.14E-06,7.92E-06,1.48E-03,8.88E-01,1.03E-06,1.34E-05,9.51E-11,5.35E-07
595,8.23E-01,4.49E-06,8.62E-06,1.13E-03,9.00E-01,1.32E-06,1.38E-05,9.65E-11,6.13E-07
596,8.26E-01,4.84E-06,9.33E-06,7.81E-04,9.12E-01,1.62E-06,1.41E-05,9.78E-11,6.92E-07
597,8.28E-01,3.47E-06,9.23E-06,6.00E-04,9.17E-01,6.60E-06,1.54E-05,9.90E-11,3.46E-07
598,8.31E-01,2.11E-06,9.11E-06,4.17E-04,9.23E-01,1.16E-05,1.67E-05,1.00E-10,1.88E-10
599,8.35E-01,1.55E-06,8.60E-06,3.20E-04,9.28E-01,1.21E-05,2.03E-05,1.03E-07,2.89E-07
600,8.39E-01,9.77E-07,8.07E-06,2.23E-04,9.33E-01,1.26E-05,2.40E-05,2.08E-07,5.78E-07
601,8.42E-01,1.35E-06,8.17E-06,1.71E-04,9.35E-01,1.86E-05,2.87E-05,1.04E-07,5.35E-07
602,8.46E-01,1.71E-06,8.27E-06,1.20E-04,9.38E-01,2.46E-05,3.33E-05,1.04E-10,4.94E-07
603,8.51E-01,1.60E-06,8.81E-06,9.44E-05,9.42E-01,2.90E-05,3.55E-05,1.05E-10,4.66E-07
604,8.56E-01,1.48E-06,9.34E-06,6.86E-05,9.46E-01,3.35E-05,3.77E-05,1.06E-10,4.38E-07
605,8.61E-01,1.26E-06,8.97E-06,5.39E-05,9.47E-01,4.10E-05,3.75E-05,7.81E-09,5.14E-07
606,8.59E-01,1.04E-06,8.59E-06,3.92E-05,9.48E-01,4.84E-05,3.73E-05,1.55E-08,5.89E-07
607,8.59E-01,1.25E-06,7.92E-06,3.02E-05,9.51E-01,6.31E-05,3.90E-05,1.10E-07,5.95E-07
608,8.57E-01,1.45E-06,7.24E-06,2.12E-05,9.54E-01,7.77E-05,4.07E-05,2.06E-07,6.00E-07
609,8.58E-01,1.86E-06,7.68E-06,1.40E-05,9.60E-01,1.00E-04,4.72E-05,1.03E-07,8.84E-07
610,8.58E-01,2.27E-06,8.13E-06,6.85E-06,9.66E-01,1.23E-04,5.38E-05,1.06E-10,1.17E-06
611,8.61E-01,2.51E-06,8.73E-06,5.34E-06,9.73E-01,1.72E-04,6.46E-05,7.52E-08,8.80E-07
612,8.64E-01,2.77E-06,9.34E-06,3.83E-06,9.79E-01,2.20E-04,7.54E-05,1.51E-07,5.87E-07
613,8.66E-01,3.40E-06,8.90E-06,3.22E-06,9.84E-01,3.17E-04,8.35E-05,7.58E-08,4.82E-07
614,8.69E-01,4.04E-06,8.47E-06,2.61E-06,9.89E-01,4.14E-04,9.16E-05,5.58E-10,3.75E-07
615,8.70E-01,6.08E-06,7.38E-06,1.71E-06,9.90E-01,6.28E-04,8.84E-05,3.31E-10,2.86E-07
616,8.72E-01,8.10E-06,6.29E-06,8.07E-07,9.91E-01,8.42E-04,8.51E-05,1.04E-10,1.97E-07
617,8.76E-01,1.04E-05,6.87E-06,4.53E-07,9.92E-01,1.38E-03,7.89E-05,7.61E-08,2.13E-07
618,8.80E-01,1.27E-05,7.46E-06,9.83E-08,9.93E-01,1.92E-03,7.29E-05,1.52E-07,2.27E-07
619,8.85E-01,1.14E-05,7.71E-06,9.60E-07,9.97E-01,3.39E-03,8.16E-05,7.64E-08,3.80E-07
620,8.89E-01,1.01E-05,7.98E-06,1.83E-06,1.00E+00,4.87E-03,9.04E-05,1.03E-10,5.35E-07
621,8.92E-01,8.00E-06,7.22E-06,1.51E-06,9.99E-01,9.93E-03,1.22E-04,1.03E-10,5.43E-07
622,8.95E-01,5.94E-06,6.46E-06,1.19E-06,9.97E-01,1.50E-02,1.54E-04,1.03E-10,5.53E-07
623,8.98E-01,5.17E-06,5.68E-06,2.17E-06,9.41E-01,3.05E-02,1.95E-04,7.42E-09,5.51E-07
624,9.02E-01,4.43E-06,4.90E-06,3.12E-06,8.85E-01,4.61E-02,2.35E-04,1.47E-08,5.49E-07
625,9.09E-01,3.86E-06,5.54E-06,6.19E-06,7.59E-01,9.56E-02,1.85E-04,7.46E-09,6.32E-07
626,9.14E-01,3.29E-06,6.16E-06,9.28E-06,6.32E-01,1.46E-01,1.34E-04,1.05E-10,7.18E-07
627,9.13E-01,3.21E-06,6.15E-06,8.82E-06,5.02E-01,2.45E-01,7.90E-05,7.97E-08,9.94E-07
628,9.13E-01,3.14E-06,6.13E-06,8.37E-06,3.72E-01,3.44E-01,2.45E-05,1.59E-07,1.27E-06
629,9.15E-01,2.90E-06,5.16E-06,1.18E-05,2.53E-01,4.70E-01,1.67E-05,7.98E-08,1.18E-06
630,9.18E-01,2.67E-06,4.19E-06,1.52E-05,1.34E-01,5.96E-01,8.79E-06,1.07E-10,1.09E-06
631,9.16E-01,2.99E-06,3.76E-06,1.44E-05,8.61E-02,7.00E-01,6.84E-06,1.08E-10,7.22E-07
632,9.15E-01,3.33E-06,3.31E-06,1.36E-05,3.76E-02,8.05E-01,4.86E-06,1.10E-10,3.50E-07
633,9.13E-01,2.91E-06,3.68E-06,1.85E-05,2.41E-02,8.39E-01,4.09E-06,1.11E-10,3.00E-07
634,9.12E-01,2.49E-06,4.05E-06,2.34E-05,1.07E-02,8.73E-01,3.33E-06,1.12E-10,2.47E-07
635,9.11E-01,2.49E-06,4.14E-06,2.57E-05,7.39E-03,8.73E-01,2.69E-06,1.13E-10,3.63E-07
636,9.14E-01,2.49E-06,4.25E-06,2.80E-05,4.09E-03,8.72E-01,2.04E-06,1.14E-10,4.78E-07
637,9.16E-01,2.54E-06,3.98E-06,3.10E-05,2.85E-03,8.81E-01,1.65E-06,9.36E-08,5.26E-07
638,9.18E-01,2.59E-06,3.70E-06,3.41E-05,1.62E-03,8.90E-01,1.26E-06,1.87E-07,5.73E-07
639,9.22E-01,2.64E-06,3.24E-06,3.16E-05,1.16E-03,9.09E-01,1.17E-06,9.38E-08,3.29E-07
640,9.25E-01,2.70E-06,2.77E-06,2.92E-05,6.91E-04,9.28E-01,1.07E-06,1.16E-10,8.33E-08
641,9.30E-01,2.72E-06,3.16E-06,2.85E-05,5.07E-04,9.41E-01,8.72E-07,4.76E-08,3.44E-07
642,9.34E-01,2.75E-06,3.56E-06,2.80E-05,3.23E-04,9.53E-01,6.72E-07,9.51E-08,6.07E-07
643,9.40E-01,2.58E-06,3.95E-06,2.61E-05,2.47E-04,9.58E-01,6.38E-07,4.77E-08,6.43E-07
644,9.45E-01,2.42E-06,4.33E-06,2.41E-05,1.70E-04,9.63E-01,6.04E-07,1.17E-10,6.81E-07
645,9.51E-01,2.50E-06,3.84E-06,2.41E-05,1.58E-04,9.65E-01,1.38E-06,9.90E-08,6.91E-07
646,9.48E-01,2.55E-06,3.36E-06,2.42E-05,1.45E-04,9.67E-01,2.17E-06,1.99E-07,7.03E-07
647,9.45E-01,2.23E-06,3.28E-06,1.74E-05,1.13E-04,9.67E-01,2.59E-06,3.16E-07,7.91E-07
648,9.43E-01,1.92E-06,3.19E-06,1.08E-05,8.00E-05,9.67E-01,3.00E-06,4.33E-07,8.82E-07
649,9.40E-01,2.07E-06,3.68E-06,5.49E-06,6.23E-05,9.66E-01,4.02E-06,4.69E-07,1.06E-06
650,9.37E-01,2.22E-06,4.16E-06,2.14E-07,4.43E-05,9.66E-01,5.03E-06,5.05E-07,1.23E-06
651,9.35E-01,2.05E-06,4.67E-06,1.52E-07,3.49E-05,9.62E-01,5.60E-06,4.64E-07,1.42E-06
652,9.33E-01,1.87E-06,5.21E-06,9.03E-08,2.55E-05,9.58E-01,6.16E-06,4.21E-07,1.61E-06
653,9.32E-01,1.77E-06,5.66E-06,1.14E-07,2.07E-05,9.57E-01,6.68E-06,5.06E-07,2.26E-06
654,9.31E-01,1.67E-06,6.12E-06,1.38E-07,1.59E-05,9.56E-01,7.20E-06,5.92E-07,2.90E-06
655,9.29E-01,1.74E-06,5.66E-06,1.97E-07,1.29E-05,9.55E-01,8.10E-06,5.97E-07,2.36E-06
656,9.34E-01,1.81E-06,5.18E-06,2.59E-07,9.84E-06,9.55E-01,9.01E-06,6.03E-07,1.78E-06
657,9.37E-01,1.80E-06,5.51E-06,2.03E-07,8.24E-06,9.53E-01,1.00E-05,5.63E-07,1.25E-06
658,9.39E-01,1.79E-06,5.83E-06,1.48E-07,6.66E-06,9.52E-01,1.11E-05,5.24E-07,7.20E-07
659,9.45E-01,1.79E-06,7.91E-06,2.02E-07,5.83E-06,9.54E-01,1.13E-05,6.02E-07,6.33E-07
660,9.51E-01,1.78E-06,1.00E-05,2.57E-07,4.98E-06,9.56E-01,1.16E-05,6.81E-07,5.46E-07
661,9.55E-01,1.93E-06,1.29E-05,3.53E-07,4.26E-06,9.60E-01,1.14E-05,6.33E-07,1.16E-06
662,9.59E-01,2.08E-06,1.58E-05,4.48E-07,3.55E-06,9.64E-01,1.11E-05,5.84E-07,1.78E-06
663,9.61E-01,2.08E-06,1.66E-05,5.07E-07,3.05E-06,9.67E-01,1.18E-05,7.97E-07,1.29E-06
664,9.62E-01,2.08E-06,1.74E-05,5.65E-07,2.56E-06,9.69E-01,1.23E-05,1.01E-06,8.10E-07
665,9.63E-01,2.41E-06,1.75E-05,6.78E-07,2.16E-06,9.70E-01,1.18E-05,1.01E-06,4.98E-07
666,9.59E-01,2.75E-06,1.77E-05,7.89E-07,1.77E-06,9.71E-01,1.11E-05,1.01E-06,1.86E-07
667,9.58E-01,2.88E-06,2.03E-05,7.74E-07,1.54E-06,9.75E-01,1.07E-05,8.81E-07,9.36E-08
668,9.57E-01,3.03E-06,2.27E-05,7.58E-07,1.31E-06,9.78E-01,1.03E-05,7.56E-07,2.15E-10
669,9.56E-01,3.72E-06,2.93E-05,8.74E-07,1.07E-06,9.83E-01,1.08E-05,9.17E-07,1.41E-07
670,9.54E-01,4.38E-06,3.59E-05,9.90E-07,8.30E-07,9.88E-01,1.13E-05,1.08E-06,2.82E-07
671,9.54E-01,6.04E-06,4.15E-05,8.88E-07,8.95E-07,9.91E-01,9.69E-06,9.28E-07,2.48E-07
672,9.54E-01,7.68E-06,4.72E-05,7.84E-07,9.59E-07,9.95E-01,8.12E-06,7.76E-07,2.14E-07
673,9.55E-01,1.08E-05,4.41E-05,7.19E-07,9.44E-07,9.98E-01,8.75E-06,8.79E-07,1.45E-07
674,9.56E-01,1.40E-05,4.10E-05,6.56E-07,9.28E-07,1.00E+00,9.40E-06,9.84E-07,7.54E-08
675,9.57E-01,1.72E-05,3.43E-05,6.21E-07,8.19E-07,9.99E-01,8.21E-06,9.35E-07,2.83E-07
676,9.61E-01,2.03E-05,2.74E-05,5.85E-07,7.10E-07,9.98E-01,7.02E-06,8.85E-07,4.91E-07
677,9.66E-01,1.77E-05,2.51E-05,8.49E-07,7.06E-07,9.94E-01,8.24E-06,9.38E-07,5.29E-07
678,9.70E-01,1.50E-05,2.26E-05,1.11E-06,7.02E-07,9.90E-01,9.46E-06,9.91E-07,5.67E-07
679,9.74E-01,1.14E-05,2.34E-05,1.11E-06,8.09E-07,9.87E-01,9.59E-06,9.98E-07,6.68E-07
680,9.78E-01,7.76E-06,2.43E-05,1.10E-06,9.15E-07,9.84E-01,9.71E-06,1.01E-06,7.69E-07
681,9.71E-01,6.04E-06,2.54E-05,8.49E-07,7.43E-07,9.85E-01,1.09E-05,9.71E-07,4.93E-07
682,9.65E-01,4.33E-06,2.66E-05,6.00E-07,5.70E-07,9.87E-01,1.20E-05,9.36E-07,2.16E-07
683,9.58E-01,4.08E-06,2.44E-05,6.50E-07,5.14E-07,9.70E-01,1.86E-05,8.01E-07,1.09E-07
684,9.53E-01,3.86E-06,2.24E-05,7.01E-07,4.57E-07,9.53E-01,2.53E-05,6.65E-07,2.16E-10
685,9.49E-01,4.36E-06,1.95E-05,9.28E-07,8.31E-07,8.85E-01,3.28E-05,8.97E-07,2.33E-07
686,9.51E-01,4.87E-06,1.65E-05,1.16E-06,1.21E-06,8.17E-01,4.03E-05,1.13E-06,4.67E-07
687,9.48E-01,4.42E-06,1.44E-05,1.13E-06,9.75E-07,6.94E-01,6.59E-05,1.17E-06,4.93E-07
688,9.45E-01,3.98E-06,1.24E-05,1.11E-06,7.44E-07,5.71E-01,9.15E-05,1.22E-06,5.16E-07
689,9.49E-01,3.79E-06,1.25E-05,1.14E-06,6.84E-07,4.32E-01,1.49E-04,1.25E-06,6.73E-07
690,9.53E-01,3.60E-06,1.26E-05,1.18E-06,6.24E-07,2.92E-01,2.07E-04,1.29E-06,8.32E-07
691,9.49E-01,3.82E-06,1.34E-05,1.17E-06,8.10E-07,1.96E-01,3.65E-04,1.14E-06,4.77E-07
692,9.46E-01,4.04E-06,1.42E-05,1.15E-06,9.94E-07,1.01E-01,5.21E-04,9.84E-07,1.28E-07
693,9.48E-01,4.39E-06,1.39E-05,1.14E-06,7.24E-07,6.58E-02,9.97E-04,9.89E-07,3.27E-07
694,9.51E-01,4.74E-06,1.37E-05,1.14E-06,4.53E-07,3.07E-02,1.48E-03,9.92E-07,5.27E-07
695,9.52E-01,6.61E-06,1.20E-05,8.93E-07,5.18E-07,2.04E-02,3.13E-03,9.25E-07,4.08E-07
696,9.56E-01,8.49E-06,1.03E-05,6.50E-07,5.83E-07,1.02E-02,4.78E-03,8.58E-07,2.89E-07
697,9.60E-01,1.52E-05,9.20E-06,7.74E-07,6.29E-07,7.15E-03,1.41E-02,1.65E-06,3.25E-07
698,9.65E-01,2.19E-05,8.08E-06,8.98E-07,6.77E-07,4.12E-03,2.35E-02,2.45E-06,3.62E-07
699,9.67E-01,2.41E-05,7.83E-06,9.75E-07,8.19E-07,3.02E-03,6.16E-02,2.08E-06,2.44E-07
700,9.70E-01,2.64E-05,7.58E-06,1.05E-06,9.61E-07,1.91E-03,9.96E-02,1.72E-06,1.27E-07
701,9.75E-01,2.00E-05,8.02E-06,1.08E-06,7.28E-07,1.43E-03,1.94E-01,2.26E-06,2.14E-07
702,9.80E-01,1.36E-05,8.48E-06,1.10E-06,4.93E-07,9.51E-04,2.89E-01,2.80E-06,3.02E-07
703,9.88E-01,1.12E-05,9.20E-06,1.07E-06,6.07E-07,7.35E-04,4.04E-01,4.23E-06,1.71E-07
704,9.94E-01,8.71E-06,9.93E-06,1.03E-06,7.19E-07,5.19E-04,5.19E-01,5.67E-06,4.04E-08
705,1.00E+00,8.09E-06,1.01E-05,1.04E-06,8.65E-07,4.04E-04,6.23E-01,4.81E-06,8.74E-08
706,9.98E-01,7.46E-06,1.02E-05,1.05E-06,1.01E-06,2.88E-04,7.27E-01,3.96E-06,1.34E-07
707,9.96E-01,7.57E-06,9.42E-06,9.69E-07,9.01E-07,2.32E-04,8.11E-01,5.56E-06,3.06E-07
708,9.93E-01,7.67E-06,8.60E-06,8.87E-07,7.94E-07,1.76E-04,8.96E-01,7.16E-06,4.77E-07
709,9.93E-01,8.12E-06,7.83E-06,9.81E-07,7.61E-07,1.39E-04,9.24E-01,6.20E-06,4.83E-07
710,9.94E-01,8.54E-06,7.05E-06,1.08E-06,7.29E-07,1.02E-04,9.53E-01,5.23E-06,4.89E-07
711,9.89E-01,9.02E-06,7.38E-06,1.01E-06,9.87E-07,8.35E-05,9.64E-01,4.85E-06,5.77E-07
712,9.83E-01,9.51E-06,7.69E-06,9.52E-07,1.25E-06,6.53E-05,9.75E-01,4.47E-06,6.64E-07
713,9.79E-01,9.76E-06,8.51E-06,9.24E-07,1.04E-06,4.85E-05,9.81E-01,4.13E-06,7.17E-07
714,9.75E-01,1.00E-05,9.33E-06,8.95E-07,8.36E-07,3.15E-05,9.88E-01,3.79E-06,7.71E-07
715,9.70E-01,1.22E-05,1.09E-05,9.88E-07,9.14E-07,2.72E-05,9.88E-01,3.92E-06,7.14E-07
716,9.69E-01,1.44E-05,1.24E-05,1.08E-06,9.92E-07,2.30E-05,9.88E-01,4.06E-06,6.57E-07
717,9.68E-01,2.43E-05,1.31E-05,1.12E-06,8.95E-07,1.84E-05,9.89E-01,4.30E-06,8.16E-07
718,9.69E-01,3.41E-05,1.37E-05,1.16E-06,7.95E-07,1.40E-05,9.89E-01,4.54E-06,9.75E-07
719,9.68E-01,6.60E-05,1.30E-05,1.13E-06,9.92E-07,1.41E-05,9.92E-01,4.76E-06,9.37E-07
720,9.68E-01,9.76E-05,1.24E-05,1.09E-06,1.19E-06,1.42E-05,9.94E-01,4.98E-06,8.97E-07
721,9.71E-01,1.04E-04,1.20E-05,1.10E-06,1.14E-06,1.62E-05,9.97E-01,5.56E-06,6.64E-07
722,9.74E-01,1.11E-04,1.17E-05,1.11E-06,1.10E-06,1.81E-05,1.00E+00,6.14E-06,4.31E-07
723,9.74E-01,7.64E-05,1.22E-05,1.01E-06,1.13E-06,1.56E-05,1.00E+00,5.79E-06,6.75E-07
724,9.75E-01,4.18E-05,1.27E-05,8.96E-07,1.16E-06,1.32E-05,9.99E-01,5.46E-06,9.16E-07
725,9.79E-01,3.33E-05,1.49E-05,1.05E-06,1.50E-06,1.33E-05,9.99E-01,6.60E-06,1.04E-06
726,9.77E-01,2.49E-05,1.70E-05,1.20E-06,1.84E-06,1.35E-05,9.99E-01,7.76E-06,1.17E-06
727,9.70E-01,2.41E-05,2.07E-05,1.27E-06,1.48E-06,1.41E-05,9.93E-01,1.00E-05,9.97E-07
728,9.64E-01,2.34E-05,2.41E-05,1.33E-06,1.12E-06,1.48E-05,9.86E-01,1.23E-05,8.28E-07
729,9.64E-01,2.66E-05,2.76E-05,1.13E-06,1.15E-06,1.40E-05,9.87E-01,1.43E-05,7.74E-07
730,9.64E-01,2.98E-05,3.10E-05,9.34E-07,1.19E-06,1.32E-05,9.87E-01,1.62E-05,7.19E-07
731,9.59E-01,3.50E-05,3.22E-05,1.08E-06,1.07E-06,1.32E-05,9.84E-01,2.11E-05,6.85E-07
732,9.54E-01,4.01E-05,3.32E-05,1.22E-06,9.54E-07,1.32E-05,9.81E-01,2.61E-05,6.50E-07
733,9.51E-01,4.84E-05,3.21E-05,1.04E-06,1.15E-06,1.18E-05,9.81E-01,3.08E-05,7.91E-07
734,9.48E-01,5.67E-05,3.12E-05,8.65E-07,1.35E-06,1.04E-05,9.81E-01,3.55E-05,9.30E-07
735,9.47E-01,6.69E-05,3.10E-05,8.31E-07,1.28E-06,1.06E-05,9.77E-01,4.40E-05,8.81E-07
736,9.49E-01,7.72E-05,3.11E-05,7.97E-07,1.22E-06,1.08E-05,9.73E-01,5.27E-05,8.31E-07
737,9.47E-01,1.28E-04,3.30E-05,8.04E-07,1.28E-06,7.64E-06,9.54E-01,6.46E-05,1.04E-06
738,9.45E-01,1.78E-04,3.49E-05,8.12E-07,1.34E-06,4.53E-06,9.35E-01,7.64E-05,1.25E-06
739,9.49E-01,3.00E-04,4.00E-05,9.19E-07,1.19E-06,3.80E-06,8.91E-01,9.12E-05,9.04E-07
740,9.53E-01,4.23E-04,4.54E-05,1.03E-06,1.04E-06,3.05E-06,8.46E-01,1.06E-04,5.57E-07
741,9.54E-01,3.68E-04,5.21E-05,1.14E-06,9.47E-07,3.55E-06,7.57E-01,1.28E-04,7.57E-07
742,9.54E-01,3.13E-04,5.89E-05,1.26E-06,8.56E-07,4.05E-06,6.68E-01,1.49E-04,9.57E-07
743,9.56E-01,1.99E-04,6.33E-05,1.07E-06,1.02E-06,2.80E-06,5.64E-01,1.81E-04,9.29E-07
744,9.58E-01,8.50E-05,6.78E-05,8.71E-07,1.18E-06,1.54E-06,4.61E-01,2.14E-04,9.00E-07
745,9.63E-01,6.53E-05,6.53E-05,8.48E-07,1.13E-06,1.55E-06,3.60E-01,2.56E-04,1.05E-06
746,9.66E-01,4.53E-05,6.28E-05,8.24E-07,1.08E-06,1.55E-06,2.58E-01,2.99E-04,1.20E-06
747,9.63E-01,4.28E-05,5.57E-05,9.40E-07,1.08E-06,1.43E-06,1.79E-01,3.75E-04,1.07E-06
748,9.61E-01,4.00E-05,4.89E-05,1.06E-06,1.08E-06,1.30E-06,9.91E-02,4.50E-04,9.32E-07
749,9.59E-01,4.89E-05,4.51E-05,1.08E-06,1.05E-06,1.26E-06,6.48E-02,5.81E-04,1.08E-06
750,9.57E-01,5.78E-05,4.15E-05,1.11E-06,1.01E-06,1.23E-06,3.05E-02,7.13E-04,1.23E-06
751,9.55E-01,1.02E-04,4.12E-05,1.31E-06,8.92E-07,8.55E-07,1.95E-02,9.47E-04,1.00E-06
752,9.54E-01,1.47E-04,4.07E-05,1.50E-06,7.73E-07,4.77E-07,8.44E-03,1.18E-03,7.75E-07
753,9.47E-01,3.82E-04,4.32E-05,1.17E-06,8.65E-07,3.96E-07,5.74E-03,1.62E-03,9.69E-07
754,9.41E-01,6.16E-04,4.58E-05,8.38E-07,9.55E-07,3.17E-07,3.06E-03,2.05E-03,1.16E-06
755,9.41E-01,7.11E-04,5.10E-05,1.06E-06,8.61E-07,5.81E-07,2.16E-03,2.89E-03,8.04E-07
756,9.41E-01,8.07E-04,5.61E-05,1.27E-06,7.67E-07,8.47E-07,1.25E-03,3.73E-03,4.42E-07
757,9.37E-01,5.63E-04,6.13E-05,1.06E-06,8.04E-07,1.07E-06,9.04E-04,5.21E-03,5.05E-07
758,9.35E-01,3.19E-04,6.63E-05,8.54E-07,8.41E-07,1.29E-06,5.56E-04,6.70E-03,5.66E-07
759,9.31E-01,2.04E-04,6.54E-05,9.71E-07,8.03E-07,2.15E-06,4.13E-04,9.69E-03,7.05E-07
760,9.25E-01,8.94E-05,6.45E-05,1.09E-06,7.66E-07,3.01E-06,2.70E-04,1.27E-02,8.47E-07
761,9.25E-01,6.22E-05,5.87E-05,1.08E-06,7.97E-07,3.47E-06,2.02E-04,1.77E-02,7.35E-07
762,9.25E-01,3.52E-05,5.27E-05,1.06E-06,8.26E-07,3.94E-06,1.34E-04,2.27E-02,6.22E-07
763,9.22E-01,2.58E-05,4.57E-05,1.24E-06,9.12E-07,6.01E-06,1.04E-04,3.26E-02,7.60E-07
764,9.21E-01,1.63E-05,3.88E-05,1.42E-06,9.96E-07,8.09E-06,7.36E-05,4.25E-02,8.99E-07
765,9.22E-01,1.31E-05,3.54E-05,1.41E-06,7.83E-07,9.51E-06,5.53E-05,5.89E-02,8.56E-07
766,9.27E-01,9.94E-06,3.18E-05,1.40E-06,5.69E-07,1.10E-05,3.69E-05,7.53E-02,8.15E-07
767,9.32E-01,8.74E-06,3.06E-05,1.29E-06,6.94E-07,8.54E-06,2.83E-05,1.07E-01,6.92E-07
768,9.35E-01,7.52E-06,2.94E-05,1.17E-06,8.19E-07,6.11E-06,1.97E-05,1.39E-01,5.71E-07
769,9.37E-01,6.73E-06,3.08E-05,1.44E-06,7.10E-07,6.42E-06,1.47E-05,2.00E-01,5.10E-07
770,9.41E-01,5.96E-06,3.20E-05,1.70E-06,6.00E-07,6.71E-06,9.57E-06,2.60E-01,4.52E-07
771,9.49E-01,6.05E-06,3.53E-05,2.43E-06,5.44E-07,8.04E-06,8.30E-06,3.56E-01,7.64E-07
772,9.59E-01,6.11E-06,3.87E-05,3.16E-06,4.87E-07,9.38E-06,7.04E-06,4.54E-01,1.08E-06
773,9.57E-01,5.78E-06,4.14E-05,3.78E-06,4.64E-07,8.49E-06,6.83E-06,5.60E-01,1.15E-06
774,9.56E-01,5.41E-06,4.39E-05,4.39E-06,4.41E-07,7.62E-06,6.62E-06,6.65E-01,1.21E-06
775,9.64E-01,6.96E-06,4.44E-05,3.95E-06,5.37E-07,6.85E-06,5.29E-06,7.60E-01,1.03E-06
776,9.65E-01,8.54E-06,4.46E-05,3.53E-06,6.35E-07,6.09E-06,3.95E-06,8.56E-01,8.45E-07
777,9.60E-01,1.03E-05,4.11E-05,3.00E-06,6.17E-07,5.27E-06,3.51E-06,9.12E-01,5.96E-07
778,9.56E-01,1.22E-05,3.76E-05,2.46E-06,5.99E-07,4.44E-06,3.08E-06,9.69E-01,3.50E-07
779,9.48E-01,1.57E-05,3.37E-05,1.91E-06,6.27E-07,4.96E-06,3.70E-06,9.82E-01,4.80E-07
780,9.41E-01,1.93E-05,2.99E-05,1.37E-06,6.55E-07,5.46E-06,4.31E-06,9.96E-01,6.08E-07
781,9.36E-01,2.42E-05,2.75E-05,1.20E-06,3.86E-07,3.82E-06,3.91E-06,9.98E-01,6.87E-07
782,9.29E-01,2.92E-05,2.51E-05,1.03E-06,1.14E-07,2.18E-06,3.52E-06,1.00E+00,7.69E-07
783,9.19E-01,3.70E-05,2.45E-05,9.49E-07,2.93E-07,2.21E-06,4.55E-06,9.95E-01,9.56E-07
784,9.10E-01,4.47E-05,2.38E-05,8.66E-07,4.71E-07,2.23E-06,5.59E-06,9.90E-01,1.14E-06
785,9.03E-01,5.53E-05,2.45E-05,7.55E-07,3.94E-07,1.50E-06,5.08E-06,9.89E-01,9.29E-07
786,9.00E-01,6.56E-05,2.52E-05,6.45E-07,3.17E-07,7.65E-07,4.56E-06,9.87E-01,7.12E-07
787,8.97E-01,9.25E-05,2.80E-05,6.52E-07,4.97E-07,5.82E-07,6.63E-06,9.85E-01,7.57E-07
788,8.94E-01,1.20E-04,3.08E-05,6.60E-07,6.79E-07,3.99E-07,8.71E-06,9.82E-01,8.01E-07
789,8.91E-01,1.83E-04,3.56E-05,4.73E-07,4.95E-07,1.31E-06,8.53E-06,9.77E-01,1.01E-06
790,8.87E-01,2.46E-04,4.05E-05,2.85E-07,3.10E-07,2.22E-06,8.35E-06,9.73E-01,1.23E-06
791,8.97E-01,2.62E-04,4.52E-05,4.55E-07,3.56E-07,1.40E-06,9.09E-06,9.68E-01,8.03E-07
792,9.07E-01,2.78E-04,4.98E-05,6.27E-07,4.02E-07,5.87E-07,9.85E-06,9.62E-01,3.77E-07
793,9.14E-01,2.14E-04,5.16E-05,7.45E-07,4.27E-07,7.35E-07,9.01E-06,9.54E-01,2.28E-04
794,9.21E-01,1.50E-04,5.32E-05,8.63E-07,4.54E-07,8.82E-07,8.18E-06,9.46E-01,4.54E-04
795,9.29E-01,1.16E-04,5.15E-05,7.72E-07,5.61E-07,6.10E-07,6.45E-06,9.41E-01,4.53E-04
796,8.55E-01,8.20E-05,4.98E-05,6.80E-07,6.70E-07,3.38E-07,4.71E-06,9.36E-01,4.53E-04
797,7.81E-01,7.34E-05,4.63E-05,9.78E-07,6.52E-07,7.15E-07,4.91E-06,9.33E-01,4.87E-04
798,7.07E-01,6.48E-05,4.31E-05,1.28E-06,6.35E-07,1.09E-06,5.12E-06,9.30E-01,5.22E-04
799,6.30E-01,9.30E-05,5.12E-05,1.12E-06,1.20E-05,7.46E-06,2.59E-06,9.25E-01,6.51E-04
800,5.54E-01,1.22E-04,5.95E-05,9.62E-07,2.34E-05,1.38E-05,6.71E-08,9.19E-01,7.80E-04
801,4.61E-01,1.19E-04,5.68E-05,1.96E-06,1.87E-05,1.42E-05,1.56E-07,9.16E-01,9.26E-04
802,3.67E-01,1.17E-04,5.43E-05,2.97E-06,1.40E-05,1.48E-05,2.46E-07,9.12E-01,1.07E-03
803,2.73E-01,1.33E-04,5.43E-05,2.21E-06,1.78E-05,1.33E-05,3.62E-07,9.06E-01,1.02E-03
804,1.79E-01,1.49E-04,5.46E-05,1.43E-06,2.17E-05,1.19E-05,4.77E-07,9.01E-01,9.66E-04
805,8.58E-02,1.61E-04,6.09E-05,9.31E-07,1.89E-05,1.34E-05,3.17E-07,8.98E-01,9.76E-04
806,7.22E-02,1.73E-04,6.70E-05,4.24E-07,1.63E-05,1.50E-05,1.57E-07,8.94E-01,9.86E-04
807,5.84E-02,1.88E-04,7.39E-05,2.49E-07,1.96E-05,1.59E-05,2.29E-07,8.86E-01,1.07E-03
808,4.45E-02,2.04E-04,8.08E-05,7.50E-08,2.30E-05,1.68E-05,3.01E-07,8.78E-01,1.16E-03
809,3.09E-02,1.84E-04,8.27E-05,3.76E-08,1.71E-05,1.37E-05,2.55E-07,8.75E-01,1.11E-03
810,1.73E-02,1.64E-04,8.48E-05,1.01E-10,1.13E-05,1.06E-05,2.10E-07,8.71E-01,1.07E-03
811,1.52E-02,1.43E-04,8.74E-05,1.01E-10,1.19E-05,1.15E-05,2.67E-07,8.69E-01,1.07E-03
812,1.31E-02,1.22E-04,8.99E-05,1.00E-10,1.26E-05,1.25E-05,3.26E-07,8.67E-01,1.07E-03
813,1.09E-02,1.12E-04,9.55E-05,9.97E-11,1.53E-05,1.23E-05,2.75E-07,8.59E-01,1.11E-03
814,8.75E-03,1.02E-04,1.01E-04,9.88E-11,1.81E-05,1.21E-05,2.23E-07,8.50E-01,1.16E-03
815,6.60E-03,9.28E-05,9.50E-05,9.82E-11,1.89E-05,1.08E-05,1.67E-07,8.44E-01,1.10E-03
816,5.70E-03,8.38E-05,8.89E-05,9.77E-11,1.97E-05,9.48E-06,1.13E-07,8.39E-01,1.03E-03
817,4.81E-03,8.11E-05,8.34E-05,9.77E-11,2.00E-05,8.29E-06,1.45E-07,8.37E-01,1.10E-03
818,3.93E-03,7.84E-05,7.76E-05,9.77E-11,2.00E-05,7.11E-06,1.76E-07,8.36E-01,1.16E-03
819,3.03E-03,7.57E-05,6.75E-05,9.77E-11,1.98E-05,7.98E-06,1.95E-07,8.37E-01,1.13E-03
820,2.13E-03,7.30E-05,5.70E-05,9.78E-11,1.94E-05,8.88E-06,2.13E-07,8.38E-01,1.09E-03
821,1.89E-03,6.45E-05,5.33E-05,2.15E-08,1.27E-05,8.36E-06,1.72E-07,8.40E-01,1.10E-03
822,1.66E-03,5.59E-05,4.95E-05,4.32E-08,5.81E-06,7.84E-06,1.29E-07,8.43E-01,1.10E-03
823,1.41E-03,6.91E-05,5.23E-05,2.15E-08,1.40E-05,1.02E-05,1.29E-07,8.40E-01,1.08E-03
824,1.17E-03,8.20E-05,5.50E-05,9.76E-11,2.21E-05,1.26E-05,1.29E-07,8.37E-01,1.05E-03
825,9.22E-04,7.16E-05,5.10E-05,3.49E-08,1.83E-05,7.88E-06,9.71E-08,8.36E-01,1.04E-03
826,8.41E-04,6.12E-05,4.67E-05,6.96E-08,1.43E-05,3.18E-06,6.50E-08,8.34E-01,1.04E-03
827,7.61E-04,6.65E-05,4.42E-05,4.36E-07,1.25E-05,3.92E-06,2.21E-07,8.34E-01,1.11E-03
828,6.82E-04,7.20E-05,4.16E-05,8.03E-07,1.06E-05,4.64E-06,3.76E-07,8.34E-01,1.18E-03
829,6.06E-04,7.08E-05,4.91E-05,2.94E-06,9.94E-06,7.69E-06,2.82E-07,8.38E-01,1.15E-03
830,5.29E-04,6.99E-05,5.66E-05,5.12E-06,9.27E-06,1.08E-05,1.87E-07,8.43E-01,1.13E-03
831,5.12E-04,7.22E-05,6.01E-05,4.90E-06,1.14E-05,7.25E-06,2.28E-07,8.38E-01,1.14E-03
832,4.97E-04,7.45E-05,6.37E-05,4.71E-06,1.36E-05,3.72E-06,2.70E-07,8.33E-01,1.15E-03
833,4.82E-04,6.96E-05,6.44E-05,3.61E-06,1.34E-05,5.30E-06,1.92E-07,8.29E-01,1.19E-03
834,4.67E-04,6.50E-05,6.51E-05,2.53E-06,1.32E-05,6.86E-06,1.13E-07,8.25E-01,1.23E-03
835,4.50E-04,5.93E-05,6.35E-05,1.78E-06,1.06E-05,6.98E-06,1.65E-07,8.19E-01,1.15E-03
836,4.40E-04,5.39E-05,6.19E-05,1.04E-06,8.07E-06,7.09E-06,2.15E-07,8.12E-01,1.07E-03
837,4.34E-04,4.97E-05,6.37E-05,6.82E-07,1.02E-05,6.72E-06,1.19E-07,8.15E-01,1.16E-03
838,4.29E-04,4.51E-05,6.53E-05,3.23E-07,1.24E-05,6.35E-06,2.07E-08,8.18E-01,1.25E-03
839,4.19E-04,4.83E-05,6.70E-05,2.96E-07,1.22E-05,6.27E-06,1.81E-07,8.12E-01,1.30E-03
840,4.09E-04,5.12E-05,6.86E-05,2.68E-07,1.19E-05,6.20E-06,3.40E-07,8.07E-01,1.35E-03
841,4.10E-04,4.58E-05,6.54E-05,2.47E-07,9.17E-06,5.91E-06,3.34E-07,8.11E-01,1.33E-03
842,4.09E-04,4.06E-05,6.21E-05,2.25E-07,6.34E-06,5.61E-06,3.27E-07,8.15E-01,1.30E-03
843,4.05E-04,3.70E-05,7.02E-05,5.45E-07,8.90E-06,7.22E-06,2.45E-07,8.07E-01,1.30E-03
844,3.99E-04,3.37E-05,7.82E-05,8.63E-07,1.14E-05,8.84E-06,1.64E-07,7.99E-01,1.29E-03
845,3.96E-04,2.87E-05,7.80E-05,7.72E-07,1.20E-05,8.42E-06,2.06E-07,7.94E-01,1.49E-03
846,4.05E-04,2.36E-05,7.81E-05,6.81E-07,1.25E-05,8.01E-06,2.49E-07,7.89E-01,1.70E-03
847,4.15E-04,2.67E-05,7.83E-05,4.01E-07,1.26E-05,7.24E-06,3.26E-07,7.83E-01,2.05E-03
848,4.25E-04,2.98E-05,7.86E-05,1.22E-07,1.27E-05,6.48E-06,4.05E-07,7.77E-01,2.41E-03
849,4.36E-04,3.60E-05,7.67E-05,1.30E-07,1.49E-05,4.59E-06,4.21E-07,7.72E-01,3.37E-03
850,4.47E-04,4.23E-05,7.48E-05,1.38E-07,1.71E-05,2.70E-06,4.39E-07,7.67E-01,4.33E-03
851,4.28E-04,3.60E-05,6.62E-05,1.72E-07,1.49E-05,4.77E-06,2.50E-07,7.59E-01,6.38E-03
852,4.11E-04,2.95E-05,5.80E-05,2.08E-07,1.26E-05,6.84E-06,6.39E-08,7.51E-01,8.41E-03
853,3.95E-04,2.74E-05,5.34E-05,4.42E-06,1.02E-05,6.18E-06,2.67E-07,7.48E-01,1.28E-02
854,3.79E-04,2.52E-05,4.90E-05,8.63E-06,7.65E-06,5.51E-06,4.72E-07,7.46E-01,1.71E-02
855,3.61E-04,2.76E-05,4.49E-05,8.61E-06,6.71E-06,6.34E-06,8.02E-07,7.39E-01,3.06E-02
856,3.46E-04,3.00E-05,4.05E-05,8.58E-06,5.78E-06,7.16E-06,1.13E-06,7.33E-01,4.40E-02
857,3.36E-04,3.09E-05,3.91E-05,6.01E-06,7.65E-06,6.76E-06,8.85E-07,7.37E-01,8.63E-02
858,3.25E-04,3.19E-05,3.75E-05,3.39E-06,9.58E-06,6.33E-06,6.34E-07,7.41E-01,1.29E-01
859,3.12E-04,3.20E-05,3.48E-05,2.54E-06,9.26E-06,5.70E-06,1.25E-06,7.37E-01,2.21E-01
860,2.98E-04,3.21E-05,3.24E-05,1.70E-06,8.93E-06,5.06E-06,1.87E-06,7.34E-01,3.14E-01
861,3.00E-04,3.02E-05,3.02E-05,9.50E-07,8.16E-06,6.21E-06,2.41E-06,7.25E-01,4.21E-01
862,3.00E-04,2.85E-05,2.80E-05,2.13E-07,7.39E-06,7.36E-06,2.94E-06,7.16E-01,5.28E-01
863,3.03E-04,2.25E-05,2.48E-05,1.53E-07,6.25E-06,6.83E-06,4.95E-06,7.08E-01,6.16E-01
864,3.05E-04,1.65E-05,2.15E-05,9.32E-08,5.12E-06,6.31E-06,6.96E-06,7.00E-01,7.03E-01
865,3.09E-04,1.55E-05,2.02E-05,1.14E-07,4.44E-06,9.16E-06,8.78E-06,6.97E-01,7.89E-01
866,3.02E-04,1.45E-05,1.89E-05,1.36E-07,3.75E-06,1.20E-05,1.06E-05,6.94E-01,8.76E-01
867,2.91E-04,1.60E-05,2.09E-05,1.21E-06,5.55E-06,1.12E-05,1.10E-05,6.85E-01,9.26E-01
868,2.82E-04,1.76E-05,2.29E-05,2.27E-06,7.33E-06,1.04E-05,1.14E-05,6.76E-01,9.77E-01
869,2.71E-04,1.63E-05,2.22E-05,1.76E-06,6.11E-06,8.53E-06,1.14E-05,6.67E-01,9.82E-01
870,2.61E-04,1.52E-05,2.14E-05,1.26E-06,4.90E-06,6.66E-06,1.14E-05,6.59E-01,9.87E-01
871,2.59E-04,1.59E-05,2.19E-05,1.44E-06,5.17E-06,7.63E-06,9.80E-06,6.57E-01,9.90E-01
872,2.56E-04,1.66E-05,2.23E-05,1.63E-06,5.44E-06,8.62E-06,8.14E-06,6.54E-01,9.93E-01
873,2.51E-04,1.80E-05,2.49E-05,1.69E-06,6.18E-06,7.17E-06,7.16E-06,6.45E-01,9.90E-01
874,2.46E-04,1.93E-05,2.76E-05,1.76E-06,6.92E-06,5.73E-06,6.19E-06,6.36E-01,9.88E-01
875,2.42E-04,1.83E-05,2.70E-05,9.83E-07,6.01E-06,4.14E-06,4.72E-06,6.32E-01,9.93E-01
876,2.55E-04,1.72E-05,2.64E-05,1.97E-07,5.07E-06,2.53E-06,3.24E-06,6.29E-01,9.99E-01
877,2.68E-04,1.66E-05,3.22E-05,1.88E-07,4.95E-06,3.72E-06,3.91E-06,6.23E-01,9.99E-01
878,2.81E-04,1.60E-05,3.80E-05,1.78E-07,4.84E-06,4.92E-06,4.60E-06,6.17E-01,1.00E+00
879,2.93E-04,1.62E-05,3.67E-05,5.94E-06,3.38E-06,6.75E-06,7.51E-06,6.13E-01,9.98E-01
880,3.07E-04,1.63E-05,3.51E-05,1.17E-05,1.92E-06,8.60E-06,1.04E-05,6.09E-01,9.97E-01
881,3.01E-04,2.08E-05,3.30E-05,1.04E-05,3.09E-06,7.52E-06,9.54E-06,6.05E-01,9.91E-01
882,2.97E-04,2.53E-05,3.09E-05,9.15E-06,4.25E-06,6.44E-06,8.69E-06,6.00E-01,9.85E-01
883,2.93E-04,1.70E-05,3.07E-05,9.81E-06,3.60E-06,6.00E-06,8.21E-06,5.98E-01,9.81E-01
884,2.88E-04,8.77E-06,3.03E-05,1.05E-05,2.93E-06,5.54E-06,7.73E-06,5.96E-01,9.78E-01
885,2.84E-04,1.68E-05,2.97E-05,1.12E-05,3.61E-06,7.24E-06,7.61E-06,5.91E-01,9.71E-01
886,2.75E-04,2.49E-05,2.90E-05,1.20E-05,4.29E-06,8.93E-06,7.46E-06,5.86E-01,9.64E-01
887,2.66E-04,1.71E-05,2.83E-05,1.01E-05,3.37E-06,7.07E-06,7.44E-06,5.73E-01,9.56E-01
888,2.57E-04,9.35E-06,2.78E-05,8.18E-06,2.45E-06,5.21E-06,7.42E-06,5.59E-01,9.48E-01
889,2.48E-04,9.63E-06,2.47E-05,8.60E-06,2.86E-06,4.54E-06,8.16E-06,5.33E-01,9.41E-01
890,2.37E-04,9.91E-06,2.15E-05,9.03E-06,3.28E-06,3.88E-06,8.91E-06,5.07E-01,9.33E-01
891,2.42E-04,9.83E-06,2.23E-05,9.05E-06,3.04E-06,4.91E-06,9.95E-06,4.67E-01,9.29E-01
892,2.46E-04,9.72E-06,2.32E-05,9.09E-06,2.81E-06,5.94E-06,1.10E-05,4.28E-01,9.24E-01
893,2.51E-04,9.42E-06,2.10E-05,7.90E-06,3.19E-06,5.01E-06,1.25E-05,3.78E-01,9.20E-01
894,2.56E-04,9.12E-06,1.88E-05,6.70E-06,3.55E-06,4.06E-06,1.40E-05,3.28E-01,9.17E-01
895,2.59E-04,9.22E-06,1.92E-05,7.69E-06,3.11E-06,4.80E-06,1.53E-05,2.75E-01,9.11E-01
896,2.64E-04,9.32E-06,1.97E-05,8.66E-06,2.66E-06,5.56E-06,1.68E-05,2.22E-01,9.05E-01
897,2.68E-04,1.38E-05,1.83E-05,7.38E-06,4.00E-06,5.20E-06,1.83E-05,1.79E-01,9.02E-01
898,2.72E-04,1.82E-05,1.68E-05,6.12E-06,5.32E-06,4.84E-06,1.98E-05,1.36E-01,8.98E-01
899,2.77E-04,1.86E-05,1.77E-05,6.89E-06,4.62E-06,5.27E-06,1.85E-05,1.05E-01,8.95E-01
900,2.82E-04,1.89E-05,1.85E-05,7.67E-06,3.91E-06,5.72E-06,1.74E-05,7.38E-02,8.92E-01
901,2.74E-04,1.92E-05,1.78E-05,6.99E-06,4.11E-06,5.43E-06,1.70E-05,5.57E-02,8.87E-01
902,2.66E-04,1.95E-05,1.72E-05,6.30E-06,4.31E-06,5.16E-06,1.65E-05,3.76E-02,8.81E-01
903,2.57E-04,1.95E-05,1.76E-05,7.60E-06,4.28E-06,5.03E-06,1.77E-05,2.80E-02,8.76E-01
904,2.50E-04,1.94E-05,1.79E-05,8.93E-06,4.26E-06,4.91E-06,1.88E-05,1.85E-02,8.71E-01
905,2.41E-04,1.68E-05,1.81E-05,6.02E-06,3.87E-06,4.24E-06,1.83E-05,1.38E-02,8.65E-01
906,2.44E-04,1.42E-05,1.82E-05,3.09E-06,3.49E-06,3.57E-06,1.77E-05,9.18E-03,8.58E-01
907,2.47E-04,1.49E-05,1.86E-05,4.68E-06,3.72E-06,4.16E-06,1.83E-05,6.65E-03,8.53E-01
908,2.50E-04,1.56E-05,1.89E-05,6.26E-06,3.94E-06,4.74E-06,1.91E-05,4.13E-03,8.48E-01
909,2.54E-04,1.51E-05,1.84E-05,6.19E-06,3.61E-06,4.35E-06,1.85E-05,3.38E-03,8.45E-01
910,2.58E-04,1.45E-05,1.78E-05,6.12E-06,3.27E-06,3.98E-06,1.80E-05,2.62E-03,8.41E-01
911,2.65E-04,1.29E-05,1.83E-05,6.71E-06,3.07E-06,3.85E-06,1.88E-05,2.28E-03,8.36E-01
912,2.71E-04,1.14E-05,1.88E-05,7.27E-06,2.84E-06,3.74E-06,1.96E-05,1.93E-03,8.32E-01
913,2.76E-04,1.11E-05,1.86E-05,6.62E-06,2.84E-06,3.22E-06,1.84E-05,1.69E-03,8.23E-01
914,2.81E-04,1.08E-05,1.84E-05,5.97E-06,2.82E-06,2.70E-06,1.71E-05,1.45E-03,8.14E-01
915,2.88E-04,9.50E-06,1.84E-05,6.22E-06,2.47E-06,3.49E-06,1.57E-05,1.31E-03,8.08E-01
916,2.85E-04,8.18E-06,1.84E-05,6.46E-06,2.13E-06,4.28E-06,1.43E-05,1.17E-03,8.02E-01
917,2.84E-04,7.67E-06,1.76E-05,6.57E-06,2.10E-06,4.09E-06,1.44E-05,1.08E-03,7.97E-01
918,2.82E-04,7.15E-06,1.68E-05,6.67E-06,2.07E-06,3.91E-06,1.46E-05,9.88E-04,7.91E-01
919,2.78E-04,6.64E-06,1.63E-05,6.63E-06,2.05E-06,3.29E-06,1.36E-05,9.53E-04,7.83E-01
920,2.76E-04,6.16E-06,1.58E-05,6.60E-06,2.03E-06,2.68E-06,1.27E-05,9.17E-04,7.74E-01
921,2.75E-04,5.37E-06,1.48E-05,6.13E-06,1.78E-06,2.87E-06,1.16E-05,9.16E-04,7.68E-01
922,2.76E-04,4.61E-06,1.39E-05,5.65E-06,1.53E-06,3.06E-06,1.06E-05,9.14E-04,7.63E-01
923,2.75E-04,4.73E-06,1.46E-05,5.89E-06,1.84E-06,3.10E-06,9.88E-06,8.68E-04,7.58E-01
924,2.74E-04,4.84E-06,1.53E-05,6.14E-06,2.15E-06,3.13E-06,9.14E-06,8.23E-04,7.53E-01
925,2.73E-04,4.04E-06,1.48E-05,6.04E-06,1.78E-06,3.20E-06,8.14E-06,7.98E-04,7.47E-01
926,2.68E-04,3.26E-06,1.44E-05,5.96E-06,1.40E-06,3.27E-06,7.13E-06,7.74E-04,7.40E-01
927,2.61E-04,3.74E-06,1.38E-05,5.60E-06,1.70E-06,2.70E-06,6.52E-06,7.55E-04,7.31E-01
928,2.53E-04,4.20E-06,1.32E-05,5.22E-06,1.98E-06,2.14E-06,5.91E-06,7.36E-04,7.21E-01
929,2.47E-04,3.61E-06,1.31E-05,5.31E-06,1.51E-06,2.59E-06,5.23E-06,7.32E-04,7.15E-01
930,2.42E-04,3.02E-06,1.30E-05,5.40E-06,1.05E-06,3.07E-06,4.54E-06,7.27E-04,7.09E-01
931,2.41E-04,3.28E-06,1.32E-05,5.23E-06,1.26E-06,2.98E-06,4.26E-06,7.66E-04,7.02E-01
932,2.40E-04,3.54E-06,1.35E-05,5.06E-06,1.47E-06,2.91E-06,3.96E-06,8.06E-04,6.95E-01
933,2.38E-04,3.08E-06,1.28E-05,4.78E-06,1.29E-06,2.53E-06,3.86E-06,7.61E-04,6.83E-01
934,2.36E-04,2.63E-06,1.21E-05,4.49E-06,1.10E-06,2.14E-06,3.76E-06,7.16E-04,6.72E-01
935,2.34E-04,2.53E-06,1.18E-05,4.02E-06,1.32E-06,2.14E-06,3.16E-06,7.01E-04,6.62E-01
936,2.29E-04,2.43E-06,1.14E-05,3.53E-06,1.54E-06,2.14E-06,2.56E-06,6.86E-04,6.51E-01
937,2.25E-04,2.81E-06,1.11E-05,3.60E-06,1.39E-06,1.85E-06,2.53E-06,6.66E-04,6.44E-01
938,2.21E-04,3.20E-06,1.08E-05,3.65E-06,1.24E-06,1.56E-06,2.51E-06,6.45E-04,6.37E-01
939,2.17E-04,3.11E-06,1.07E-05,3.58E-06,9.48E-07,1.64E-06,2.27E-06,6.24E-04,6.29E-01
940,2.14E-04,3.01E-06,1.06E-05,3.52E-06,6.52E-07,1.73E-06,2.02E-06,6.03E-04,6.21E-01
941,2.13E-04,3.18E-06,1.03E-05,3.58E-06,6.71E-07,1.66E-06,1.84E-06,6.25E-04,6.11E-01
942,2.15E-04,3.34E-06,1.01E-05,3.61E-06,6.89E-07,1.60E-06,1.67E-06,6.47E-04,6.01E-01
943,2.17E-04,3.39E-06,9.76E-06,3.37E-06,8.67E-07,1.55E-06,1.58E-06,4.69E-04,5.92E-01
944,2.17E-04,3.42E-06,9.44E-06,3.11E-06,1.05E-06,1.51E-06,1.50E-06,2.91E-04,5.83E-01
945,2.19E-04,3.56E-06,8.81E-06,2.92E-06,9.26E-07,1.32E-06,1.48E-06,2.81E-04,5.75E-01
946,2.13E-04,3.67E-06,8.18E-06,2.74E-06,8.06E-07,1.13E-06,1.46E-06,2.72E-04,5.66E-01
947,2.08E-04,4.02E-06,8.00E-06,2.63E-06,8.47E-07,1.12E-06,1.22E-06,2.73E-04,5.57E-01
948,2.02E-04,4.36E-06,7.80E-06,2.51E-06,8.88E-07,1.10E-06,9.74E-07,2.75E-04,5.47E-01
949,1.96E-04,4.22E-06,7.41E-06,2.40E-06,8.54E-07,1.15E-06,1.00E-06,1.40E-04,5.39E-01
950,1.91E-04,4.13E-06,7.02E-06,2.29E-06,8.22E-07,1.21E-06,1.04E-06,4.37E-06,5.31E-01
951,1.87E-04,4.44E-06,6.53E-06,1.99E-06,7.66E-07,1.01E-06,1.05E-06,3.88E-06,5.23E-01
952,1.82E-04,4.75E-06,6.01E-06,1.67E-06,7.10E-07,8.19E-07,1.06E-06,3.38E-06,5.15E-01
953,1.78E-04,5.28E-06,6.28E-06,2.53E-06,8.74E-07,1.10E-06,9.38E-07,3.07E-06,5.08E-01
954,1.74E-04,5.82E-06,6.55E-06,3.41E-06,1.04E-06,1.38E-06,8.17E-07,2.75E-06,5.01E-01
955,1.69E-04,5.44E-06,6.40E-06,2.92E-06,8.62E-07,1.26E-06,7.70E-07,2.89E-06,4.94E-01
956,1.72E-04,5.07E-06,6.26E-06,2.44E-06,6.86E-07,1.13E-06,7.25E-07,3.01E-06,4.86E-01
957,1.75E-04,5.69E-06,6.68E-06,2.44E-06,8.23E-07,1.04E-06,7.25E-07,2.49E-06,4.78E-01
958,1.79E-04,6.28E-06,7.14E-06,2.44E-06,9.58E-07,9.53E-07,7.27E-07,1.99E-06,4.70E-01
959,1.80E-04,5.86E-06,7.28E-06,2.33E-06,7.95E-07,1.02E-06,7.83E-07,1.99E-06,4.62E-01
960,1.83E-04,5.41E-06,7.40E-06,2.21E-06,6.33E-07,1.08E-06,8.39E-07,1.99E-06,4.54E-01
961,1.77E-04,6.01E-06,8.10E-06,2.22E-06,8.31E-07,1.02E-06,6.71E-07,1.75E-06,4.48E-01
962,1.71E-04,6.65E-06,8.80E-06,2.20E-06,1.03E-06,9.48E-07,5.02E-07,1.53E-06,4.41E-01
963,1.64E-04,6.24E-06,9.27E-06,2.25E-06,9.55E-07,9.08E-07,6.94E-07,1.41E-06,4.35E-01
964,1.58E-04,5.84E-06,9.77E-06,2.29E-06,8.81E-07,8.68E-07,8.89E-07,1.29E-06,4.28E-01
965,1.51E-04,5.42E-06,1.05E-05,2.02E-06,8.63E-07,7.71E-07,7.14E-07,1.13E-06,4.21E-01
966,1.46E-04,5.01E-06,1.11E-05,1.75E-06,8.45E-07,6.73E-07,5.39E-07,9.62E-07,4.15E-01
967,1.41E-04,4.95E-06,1.17E-05,1.75E-06,7.71E-07,6.86E-07,5.06E-07,1.02E-06,4.09E-01
968,1.36E-04,4.88E-06,1.23E-05,1.76E-06,6.98E-07,7.00E-07,4.73E-07,1.08E-06,4.03E-01
969,1.31E-04,4.60E-06,1.30E-05,1.80E-06,8.01E-07,7.23E-07,5.39E-07,1.11E-06,3.96E-01
970,1.26E-04,4.35E-06,1.36E-05,1.84E-06,9.04E-07,7.47E-07,6.08E-07,1.13E-06,3.90E-01
971,1.27E-04,4.18E-06,1.39E-05,1.81E-06,8.16E-07,6.97E-07,5.83E-07,1.00E-06,3.84E-01
972,1.29E-04,4.05E-06,1.43E-05,1.78E-06,7.26E-07,6.48E-07,5.57E-07,8.69E-07,3.79E-01
973,1.31E-04,3.74E-06,1.48E-05,1.66E-06,6.83E-07,7.67E-07,6.38E-07,9.12E-07,3.74E-01
974,1.32E-04,3.44E-06,1.53E-05,1.54E-06,6.39E-07,8.86E-07,7.20E-07,9.55E-07,3.69E-01
975,1.34E-04,3.68E-06,1.52E-05,1.52E-06,7.04E-07,8.11E-07,7.18E-07,8.72E-07,3.64E-01
976,1.29E-04,3.89E-06,1.52E-05,1.49E-06,7.70E-07,7.34E-07,7.15E-07,7.87E-07,3.58E-01
977,1.25E-04,4.03E-06,1.48E-05,1.52E-06,7.84E-07,7.28E-07,6.33E-07,7.57E-07,3.53E-01
978,1.20E-04,4.13E-06,1.44E-05,1.55E-06,7.96E-07,7.25E-07,5.51E-07,7.25E-07,3.47E-01
979,1.16E-04,3.99E-06,1.36E-05,1.40E-06,8.29E-07,7.03E-07,6.15E-07,7.23E-07,3.42E-01
980,1.11E-04,3.85E-06,1.28E-05,1.24E-06,8.61E-07,6.80E-07,6.81E-07,7.20E-07,3.37E-01
981,1.08E-04,3.86E-06,1.23E-05,1.40E-06,8.31E-07,6.59E-07,5.33E-07,6.93E-07,3.33E-01
982,1.05E-04,3.87E-06,1.19E-05,1.56E-06,8.00E-07,6.38E-07,3.85E-07,6.66E-07,3.29E-01
983,1.01E-04,4.13E-06,1.09E-05,1.34E-06,8.42E-07,6.02E-07,3.90E-07,7.17E-07,3.25E-01
984,9.77E-05,4.38E-06,9.99E-06,1.12E-06,8.84E-07,5.66E-07,3.94E-07,7.66E-07,3.21E-01
985,9.42E-05,4.60E-06,9.41E-06,1.36E-06,1.00E-06,6.40E-07,4.29E-07,7.02E-07,3.17E-01
986,9.86E-05,4.83E-06,8.86E-06,1.60E-06,1.12E-06,7.14E-07,4.64E-07,6.37E-07,3.13E-01
987,1.03E-04,5.15E-06,8.16E-06,1.41E-06,1.33E-06,6.35E-07,5.61E-07,6.60E-07,3.08E-01
988,1.07E-04,5.44E-06,7.44E-06,1.22E-06,1.54E-06,5.57E-07,6.57E-07,6.84E-07,3.03E-01
989,1.11E-04,5.16E-06,6.87E-06,1.20E-06,1.54E-06,5.15E-07,5.21E-07,5.61E-07,2.99E-01
990,1.15E-04,4.88E-06,6.31E-06,1.18E-06,1.55E-06,4.73E-07,3.84E-07,4.37E-07,2.95E-01
991,1.09E-04,4.70E-06,6.00E-06,1.10E-06,1.53E-06,5.06E-07,4.32E-07,5.26E-07,2.90E-01
992,1.03E-04,4.52E-06,5.66E-06,1.01E-06,1.53E-06,5.38E-07,4.81E-07,6.14E-07,2.84E-01
993,9.64E-05,4.60E-06,5.62E-06,1.25E-06,1.69E-06,5.49E-07,5.52E-07,6.49E-07,2.80E-01
994,9.02E-05,4.68E-06,5.55E-06,1.48E-06,1.87E-06,5.60E-07,6.25E-07,6.84E-07,2.76E-01
995,8.39E-05,4.25E-06,5.29E-06,1.27E-06,1.79E-06,5.47E-07,5.36E-07,6.65E-07,2.71E-01
996,8.43E-05,3.86E-06,5.04E-06,1.06E-06,1.71E-06,5.35E-07,4.46E-07,6.46E-07,2.67E-01
997,8.44E-05,3.64E-06,5.19E-06,1.25E-06,1.76E-06,5.82E-07,4.56E-07,6.17E-07,2.63E-01
998,8.46E-05,3.40E-06,5.32E-06,1.43E-06,1.80E-06,6.28E-07,4.64E-07,5.88E-07,2.59E-01
999,8.50E-05,3.32E-06,5.25E-06,1.26E-06,1.67E-06,5.73E-07,4.58E-07,4.56E-07,2.55E-01
1000,8.53E-05,3.23E-06,5.15E-06,1.09E-06,1.54E-06,5.18E-07,4.50E-07,3.23E-07,2.51E-01
1001,8.22E-05,2.96E-06,5.32E-06,1.20E-06,1.51E-06,5.69E-07,4.48E-07,4.46E-07,2.48E-01
1002,7.92E-05,2.69E-06,5.45E-06,1.32E-06,1.49E-06,6.21E-07,4.45E-07,5.67E-07,2.45E-01
1003,7.61E-05,2.49E-06,5.40E-06,1.32E-06,1.33E-06,5.55E-07,4.25E-07,4.99E-07,2.42E-01
1004,7.29E-05,2.28E-06,5.35E-06,1.32E-06,1.18E-06,4.91E-07,4.04E-07,4.30E-07,2.38E-01
1005,7.01E-05,2.43E-06,5.32E-06,1.45E-06,1.20E-06,5.46E-07,3.91E-07,4.72E-07,2.36E-01
1006,7.03E-05,2.58E-06,5.29E-06,1.58E-06,1.21E-06,6.03E-07,3.79E-07,5.15E-07,2.33E-01
1007,7.06E-05,2.43E-06,4.95E-06,1.56E-06,1.06E-06,5.40E-07,3.63E-07,5.05E-07,2.29E-01
1008,7.08E-05,2.27E-06,4.61E-06,1.55E-06,9.03E-07,4.77E-07,3.48E-07,4.94E-07,2.26E-01
1009,7.09E-05,2.32E-06,4.21E-06,1.59E-06,7.12E-07,3.56E-07,3.58E-07,4.16E-07,2.22E-01
1010,7.11E-05,2.36E-06,3.84E-06,1.64E-06,5.22E-07,2.36E-07,3.68E-07,3.35E-07,2.18E-01
1011,6.89E-05,2.33E-06,3.55E-06,1.82E-06,4.61E-07,4.13E-07,4.00E-07,4.02E-07,2.14E-01
1012,6.67E-05,2.30E-06,3.27E-06,2.00E-06,4.01E-07,5.91E-07,4.34E-07,4.67E-07,2.11E-01
1013,6.46E-05,2.37E-06,3.14E-06,1.94E-06,4.84E-07,5.78E-07,4.08E-07,4.25E-07,2.07E-01
1014,6.23E-05,2.43E-06,2.98E-06,1.88E-06,5.67E-07,5.66E-07,3.82E-07,3.82E-07,2.03E-01
1015,6.00E-05,2.56E-06,2.72E-06,1.87E-06,4.65E-07,5.21E-07,3.62E-07,4.48E-07,1.99E-01
1016,6.09E-05,2.68E-06,2.43E-06,1.85E-06,3.62E-07,4.76E-07,3.42E-07,5.13E-07,1.94E-01
1017,6.18E-05,2.92E-06,2.25E-06,1.80E-06,4.07E-07,4.37E-07,3.51E-07,3.84E-07,1.90E-01
1018,6.25E-05,3.15E-06,2.07E-06,1.74E-06,4.53E-07,3.99E-07,3.59E-07,2.54E-07,1.86E-01
1019,6.34E-05,3.15E-06,2.04E-06,1.82E-06,4.30E-07,3.86E-07,3.08E-07,2.47E-07,1.82E-01
1020,6.42E-05,3.14E-06,2.00E-06,1.91E-06,4.08E-07,3.72E-07,2.55E-07,2.40E-07,1.79E-01
1021,6.08E-05,3.38E-06,2.08E-06,1.92E-06,4.45E-07,4.26E-07,2.60E-07,3.69E-07,1.74E-01
1022,5.75E-05,3.63E-06,2.16E-06,1.93E-06,4.84E-07,4.78E-07,2.63E-07,4.98E-07,1.70E-01
1023,5.40E-05,3.68E-06,2.13E-06,1.85E-06,4.50E-07,4.01E-07,2.59E-07,4.12E-07,1.67E-01
1024,5.08E-05,3.75E-06,2.09E-06,1.77E-06,4.17E-07,3.23E-07,2.56E-07,3.28E-07,1.63E-01
1025,4.73E-05,3.71E-06,2.24E-06,1.75E-06,4.11E-07,3.37E-07,2.43E-07,2.90E-07,1.59E-01
1026,4.59E-05,3.68E-06,2.40E-06,1.72E-06,4.06E-07,3.51E-07,2.32E-07,2.51E-07,1.55E-01
1027,4.42E-05,3.68E-06,2.42E-06,1.64E-06,3.63E-07,2.88E-07,2.08E-07,2.51E-07,1.50E-01
1028,4.25E-05,3.68E-06,2.44E-06,1.55E-06,3.18E-07,2.26E-07,1.86E-07,2.49E-07,1.46E-01
1029,4.08E-05,3.73E-06,2.66E-06,1.63E-06,3.22E-07,3.02E-07,2.12E-07,2.53E-07,1.42E-01
1030,3.92E-05,3.81E-06,2.90E-06,1.71E-06,3.25E-07,3.79E-07,2.39E-07,2.57E-07,1.38E-01
1031,3.80E-05,3.61E-06,2.87E-06,1.53E-06,3.81E-07,4.15E-07,1.93E-07,3.10E-07,1.33E-01
1032,3.67E-05,3.42E-06,2.85E-06,1.35E-06,4.38E-07,4.53E-07,1.50E-07,3.64E-07,1.27E-01
1033,3.55E-05,3.29E-06,2.87E-06,1.37E-06,4.02E-07,4.75E-07,1.97E-07,3.49E-07,1.22E-01
1034,3.42E-05,3.17E-06,2.90E-06,1.38E-06,3.64E-07,4.97E-07,2.42E-07,3.32E-07,1.16E-01
1035,3.29E-05,3.06E-06,2.82E-06,1.32E-06,3.64E-07,5.28E-07,2.21E-07,2.97E-07,1.10E-01
1036,3.35E-05,2.95E-06,2.77E-06,1.27E-06,3.65E-07,5.58E-07,1.99E-07,2.62E-07,1.03E-01
1037,3.39E-05,2.78E-06,2.57E-06,1.27E-06,3.65E-07,5.87E-07,1.82E-07,2.86E-07,9.56E-02
1038,3.44E-05,2.61E-06,2.39E-06,1.28E-06,3.66E-07,6.17E-07,1.65E-07,3.09E-07,8.79E-02
1039,3.48E-05,2.53E-06,2.23E-06,1.22E-06,3.55E-07,6.17E-07,1.66E-07,2.50E-07,7.97E-02
1040,3.52E-05,2.45E-06,2.07E-06,1.16E-06,3.45E-07,6.16E-07,1.67E-07,1.88E-07,7.15E-02
1041,3.37E-05,2.29E-06,2.04E-06,1.20E-06,3.70E-07,7.21E-07,1.52E-07,2.13E-07,6.29E-02
1042,3.22E-05,2.12E-06,2.01E-06,1.24E-06,3.94E-07,8.29E-07,1.38E-07,2.38E-07,5.42E-02
1043,3.07E-05,2.06E-06,1.83E-06,1.29E-06,3.40E-07,8.05E-07,1.43E-07,2.44E-07,4.64E-02
1044,2.92E-05,1.99E-06,1.66E-06,1.34E-06,2.85E-07,7.82E-07,1.47E-07,2.51E-07,3.86E-02
1045,2.76E-05,1.88E-06,1.54E-06,1.33E-06,3.12E-07,7.42E-07,1.23E-07,2.16E-07,3.28E-02
1046,2.68E-05,1.76E-06,1.42E-06,1.32E-06,3.39E-07,7.03E-07,9.86E-08,1.80E-07,2.70E-02
1047,2.60E-05,1.66E-06,1.43E-06,1.43E-06,3.34E-07,6.50E-07,1.26E-07,2.03E-07,2.22E-02
1048,2.51E-05,1.54E-06,1.44E-06,1.55E-06,3.26E-07,5.97E-07,1.53E-07,2.24E-07,1.75E-02
1049,2.43E-05,1.53E-06,1.41E-06,1.60E-06,2.64E-07,5.45E-07,1.51E-07,1.82E-07,1.37E-02
1050,2.34E-05,1.52E-06,1.37E-06,1.66E-06,2.00E-07,4.94E-07,1.49E-07,1.40E-07,9.80E-03
1051,2.26E-05,1.49E-06,1.52E-06,1.76E-06,1.86E-07,4.21E-07,1.56E-07,1.46E-07,7.56E-03
1052,2.16E-05,1.47E-06,1.68E-06,1.86E-06,1.72E-07,3.47E-07,1.63E-07,1.51E-07,5.33E-03
1053,2.07E-05,1.48E-06,1.85E-06,1.99E-06,1.74E-07,3.27E-07,1.64E-07,1.71E-07,4.09E-03
1054,1.99E-05,1.48E-06,2.02E-06,2.13E-06,1.75E-07,3.04E-07,1.64E-07,1.90E-07,2.84E-03
1055,1.88E-05,1.55E-06,2.23E-06,2.34E-06,1.60E-07,2.61E-07,1.55E-07,1.70E-07,2.18E-03
1056,1.85E-05,1.61E-06,2.43E-06,2.55E-06,1.46E-07,2.20E-07,1.46E-07,1.50E-07,1.53E-03
1057,1.82E-05,1.66E-06,2.60E-06,2.85E-06,1.29E-07,1.74E-07,1.45E-07,1.24E-07,1.20E-03
1058,1.78E-05,1.71E-06,2.78E-06,3.13E-06,1.12E-07,1.28E-07,1.45E-07,9.73E-08,8.63E-04
1059,1.75E-05,1.80E-06,2.89E-06,3.49E-06,9.22E-08,1.33E-07,1.52E-07,1.01E-07,6.93E-04
1060,1.71E-05,1.90E-06,3.01E-06,3.83E-06,7.24E-08,1.38E-07,1.59E-07,1.04E-07,5.24E-04
1061,1.63E-05,2.14E-06,3.09E-06,4.36E-06,1.11E-07,1.53E-07,1.80E-07,1.15E-07,4.24E-04
1062,1.55E-05,2.37E-06,3.21E-06,4.90E-06,1.49E-07,1.69E-07,1.99E-07,1.25E-07,3.24E-04
1063,1.47E-05,2.55E-06,3.13E-06,5.60E-06,1.37E-07,1.44E-07,1.89E-07,1.19E-07,2.73E-04
1064,1.39E-05,2.73E-06,3.02E-06,6.31E-06,1.25E-07,1.19E-07,1.78E-07,1.13E-07,2.21E-04
1065,1.31E-05,2.90E-06,2.99E-06,7.21E-06,1.12E-07,1.21E-07,1.65E-07,1.25E-07,2.00E-04
1066,1.28E-05,3.07E-06,2.97E-06,8.09E-06,9.98E-08,1.23E-07,1.52E-07,1.37E-07,1.79E-04
1067,1.23E-05,3.31E-06,2.79E-06,9.18E-06,9.29E-08,1.30E-07,1.58E-07,1.12E-07,1.57E-04
1068,1.19E-05,3.55E-06,2.61E-06,1.03E-05,8.59E-08,1.37E-07,1.63E-07,8.60E-08,1.35E-04
1069,1.15E-05,3.80E-06,2.55E-06,1.18E-05,8.91E-08,1.48E-07,1.58E-07,8.59E-08,1.24E-04
1070,1.11E-05,4.07E-06,2.48E-06,1.32E-05,9.22E-08,1.59E-07,1.52E-07,8.60E-08,1.14E-04
1071,1.07E-05,4.20E-06,2.33E-06,1.47E-05,8.48E-08,1.79E-07,1.51E-07,9.44E-08,1.09E-04
1072,1.02E-05,4.32E-06,2.17E-06,1.62E-05,7.73E-08,1.96E-07,1.49E-07,1.03E-07,1.05E-04
1073,9.75E-06,4.32E-06,1.99E-06,1.78E-05,9.87E-08,1.77E-07,1.22E-07,8.08E-08,9.93E-05
1074,9.30E-06,4.36E-06,1.81E-06,1.95E-05,1.20E-07,1.59E-07,9.57E-08,5.83E-08,9.37E-05
1075,8.85E-06,4.56E-06,1.85E-06,2.11E-05,1.07E-07,1.81E-07,9.24E-08,8.00E-08,8.01E-05
1076,8.80E-06,4.76E-06,1.89E-06,2.28E-05,9.41E-08,2.04E-07,8.90E-08,1.02E-07,6.65E-05
1077,8.77E-06,4.80E-06,2.01E-06,2.45E-05,1.04E-07,2.19E-07,9.58E-08,9.22E-08,7.32E-05
1078,8.75E-06,4.89E-06,2.12E-06,2.65E-05,1.13E-07,2.33E-07,1.03E-07,8.25E-08,8.00E-05
1079,8.70E-06,4.77E-06,2.42E-06,2.82E-05,1.20E-07,2.24E-07,8.92E-08,7.97E-08,8.00E-05
1080,8.67E-06,4.70E-06,2.72E-06,3.00E-05,1.27E-07,2.17E-07,7.60E-08,7.68E-08,8.01E-05
1081,8.38E-06,4.86E-06,3.12E-06,3.19E-05,1.46E-07,2.28E-07,9.07E-08,6.95E-08,7.18E-05
1082,8.10E-06,5.06E-06,3.52E-06,3.39E-05,1.65E-07,2.41E-07,1.06E-07,6.21E-08,6.35E-05
1083,7.80E-06,5.03E-06,3.98E-06,3.63E-05,1.74E-07,2.31E-07,9.15E-08,6.82E-08,6.56E-05
1084,7.51E-06,4.95E-06,4.44E-06,3.90E-05,1.83E-07,2.20E-07,7.75E-08,7.44E-08,6.76E-05
1085,7.23E-06,5.04E-06,4.73E-06,4.07E-05,2.04E-07,2.15E-07,7.23E-08,7.38E-08,7.01E-05
1086,7.16E-06,5.16E-06,5.02E-06,4.25E-05,2.26E-07,2.10E-07,6.71E-08,7.33E-08,7.28E-05
1087,7.10E-06,5.44E-06,5.37E-06,4.58E-05,2.58E-07,1.94E-07,5.29E-08,6.77E-08,6.75E-05
1088,7.03E-06,5.72E-06,5.74E-06,4.91E-05,2.90E-07,1.77E-07,3.86E-08,6.20E-08,6.18E-05
1089,6.96E-06,5.73E-06,6.04E-06,5.20E-05,3.14E-07,1.63E-07,5.41E-08,5.93E-08,5.78E-05
1090,6.90E-06,5.77E-06,6.33E-06,5.51E-05,3.38E-07,1.48E-07,6.97E-08,5.64E-08,5.38E-05
1091,6.80E-06,5.98E-06,6.16E-06,5.88E-05,3.75E-07,1.34E-07,8.05E-08,6.34E-08,4.17E-05
1092,6.71E-06,6.18E-06,5.97E-06,6.26E-05,4.15E-07,1.21E-07,9.16E-08,7.06E-08,2.92E-05
1093,6.61E-06,6.38E-06,5.86E-06,6.81E-05,4.41E-07,1.02E-07,8.23E-08,6.05E-08,3.04E-05
1094,6.51E-06,6.59E-06,5.72E-06,7.36E-05,4.70E-07,8.41E-08,7.30E-08,5.05E-08,3.16E-05
1095,6.42E-06,6.83E-06,5.12E-06,8.11E-05,4.84E-07,8.26E-08,1.13E-07,5.91E-08,3.00E-05
1096,6.39E-06,7.08E-06,4.55E-06,8.88E-05,5.00E-07,8.12E-08,1.54E-07,6.74E-08,2.84E-05
1097,6.38E-06,7.56E-06,4.35E-06,9.99E-05,5.22E-07,7.44E-08,2.24E-07,5.44E-08,2.80E-05
1098,6.35E-06,8.04E-06,4.15E-06,1.11E-04,5.45E-07,6.76E-08,2.92E-07,4.11E-08,2.75E-05
1099,6.34E-06,8.09E-06,3.75E-06,1.25E-04,5.61E-07,6.17E-08,3.81E-07,4.85E-08,1.41E-05
1100,6.33E-06,8.14E-06,3.32E-06,1.40E-04,5.78E-07,5.57E-08,4.68E-07,5.59E-08,6.76E-07
